"동·읍·면별(1)","동·읍·면별(2)",인구현황별(1),인구현황별(2),2017,2018,2019
"중구","소계",세대수 (세대),소계,37856,38619,38418
"중구","소계",등록인구 (명),소계,79759,80225,78219
"중구","소계",등록인구 (명),남,38758,38898,37749
"중구","소계",등록인구 (명),여,41001,41327,40470
"중구","소계",한국인 (명),소계,78986,79401,77421
"중구","소계",한국인 (명),남,38395,38498,37384
"중구","소계",한국인 (명),여,40591,40903,40037
"중구","소계",외국인 (명),소계,773,824,798
"중구","소계",외국인 (명),남,363,400,365
"중구","소계",외국인 (명),여,410,424,433
"중구","소계",세대당 인구 (명),소계,-,-,2.02
"중구","소계",65세이상고령자 (명),소계,15531,15566,15597
"중구","소계",평균연령 (세),소계,-,-,44.7
"중구","소계",인구밀도 (명/㎢),소계,-,-,11079
"중구","소계",면적 (㎢),소계,-,-,7.06
"중구","동인동",세대수 (세대),소계,5668,5608,5330
"중구","동인동",등록인구 (명),소계,10437,10091,9329
"중구","동인동",등록인구 (명),남,5158,4996,4624
"중구","동인동",등록인구 (명),여,5279,5095,4705
"중구","동인동",한국인 (명),소계,10353,10001,9238
"중구","동인동",한국인 (명),남,5122,4956,4587
"중구","동인동",한국인 (명),여,5231,5045,4651
"중구","동인동",외국인 (명),소계,84,90,91
"중구","동인동",외국인 (명),남,36,40,37
"중구","동인동",외국인 (명),여,48,50,54
"중구","동인동",세대당 인구 (명),소계,-,-,1.73
"중구","동인동",65세이상고령자 (명),소계,2194,2171,2120
"중구","동인동",평균연령 (세),소계,-,-,47.1
"중구","동인동",인구밀도 (명/㎢),소계,-,-,9423
"중구","동인동",면적 (㎢),소계,-,-,0.99
"중구","삼덕동",세대수 (세대),소계,3543,3696,3813
"중구","삼덕동",등록인구 (명),소계,6722,6709,6709
"중구","삼덕동",등록인구 (명),남,3192,3184,3201
"중구","삼덕동",등록인구 (명),여,3530,3525,3508
"중구","삼덕동",한국인 (명),소계,6602,6600,6597
"중구","삼덕동",한국인 (명),남,3135,3135,3150
"중구","삼덕동",한국인 (명),여,3467,3465,3447
"중구","삼덕동",외국인 (명),소계,120,109,112
"중구","삼덕동",외국인 (명),남,57,49,51
"중구","삼덕동",외국인 (명),여,63,60,61
"중구","삼덕동",세대당 인구 (명),소계,-,-,1.73
"중구","삼덕동",65세이상고령자 (명),소계,815,812,820
"중구","삼덕동",평균연령 (세),소계,-,-,39
"중구","삼덕동",인구밀도 (명/㎢),소계,-,-,10483
"중구","삼덕동",면적 (㎢),소계,-,-,0.64
"중구","성내1동",세대수 (세대),소계,2783,3044,3155
"중구","성내1동",등록인구 (명),소계,4687,5033,4985
"중구","성내1동",등록인구 (명),남,2311,2447,2384
"중구","성내1동",등록인구 (명),여,2376,2586,2601
"중구","성내1동",한국인 (명),소계,4596,4880,4893
"중구","성내1동",한국인 (명),남,2266,2363,2336
"중구","성내1동",한국인 (명),여,2330,2517,2557
"중구","성내1동",외국인 (명),소계,91,153,92
"중구","성내1동",외국인 (명),남,45,84,48
"중구","성내1동",외국인 (명),여,46,69,44
"중구","성내1동",세대당 인구 (명),소계,-,-,1.55
"중구","성내1동",65세이상고령자 (명),소계,907,910,898
"중구","성내1동",평균연령 (세),소계,-,-,43.8
"중구","성내1동",인구밀도 (명/㎢),소계,-,-,5539
"중구","성내1동",면적 (㎢),소계,-,-,0.9
"중구","성내2동",세대수 (세대),소계,2806,2925,2852
"중구","성내2동",등록인구 (명),소계,4891,4917,4726
"중구","성내2동",등록인구 (명),남,2492,2500,2401
"중구","성내2동",등록인구 (명),여,2399,2417,2325
"중구","성내2동",한국인 (명),소계,4766,4797,4600
"중구","성내2동",한국인 (명),남,2429,2438,2346
"중구","성내2동",한국인 (명),여,2337,2359,2254
"중구","성내2동",외국인 (명),소계,125,120,126
"중구","성내2동",외국인 (명),남,63,62,55
"중구","성내2동",외국인 (명),여,62,58,71
"중구","성내2동",세대당 인구 (명),소계,-,-,1.61
"중구","성내2동",65세이상고령자 (명),소계,1210,1224,1177
"중구","성내2동",평균연령 (세),소계,-,-,48.9
"중구","성내2동",인구밀도 (명/㎢),소계,-,-,6218
"중구","성내2동",면적 (㎢),소계,-,-,0.76
"중구","성내3동",세대수 (세대),소계,2698,2900,2586
"중구","성내3동",등록인구 (명),소계,5395,5943,5356
"중구","성내3동",등록인구 (명),남,2687,2970,2677
"중구","성내3동",등록인구 (명),여,2708,2973,2679
"중구","성내3동",한국인 (명),소계,5369,5909,5312
"중구","성내3동",한국인 (명),남,2673,2952,2657
"중구","성내3동",한국인 (명),여,2696,2957,2655
"중구","성내3동",외국인 (명),소계,26,34,44
"중구","성내3동",외국인 (명),남,14,18,20
"중구","성내3동",외국인 (명),여,12,16,24
"중구","성내3동",세대당 인구 (명),소계,-,-,2.05
"중구","성내3동",65세이상고령자 (명),소계,1077,1030,886
"중구","성내3동",평균연령 (세),소계,-,-,42.6
"중구","성내3동",인구밀도 (명/㎢),소계,-,-,6780
"중구","성내3동",면적 (㎢),소계,-,-,0.79
"중구","대신동",세대수 (세대),소계,2958,3362,3416
"중구","대신동",등록인구 (명),소계,7503,8352,8371
"중구","대신동",등록인구 (명),남,3677,4086,4079
"중구","대신동",등록인구 (명),여,3826,4266,4292
"중구","대신동",한국인 (명),소계,7468,8323,8341
"중구","대신동",한국인 (명),남,3661,4072,4065
"중구","대신동",한국인 (명),여,3807,4251,4276
"중구","대신동",외국인 (명),소계,35,29,30
"중구","대신동",외국인 (명),남,16,14,14
"중구","대신동",외국인 (명),여,19,15,16
"중구","대신동",세대당 인구 (명),소계,-,-,2.44
"중구","대신동",65세이상고령자 (명),소계,1223,1327,1400
"중구","대신동",평균연령 (세),소계,-,-,42.6
"중구","대신동",인구밀도 (명/㎢),소계,-,-,16098
"중구","대신동",면적 (㎢),소계,-,-,0.52
"중구","남산1동",세대수 (세대),소계,2490,2503,2820
"중구","남산1동",등록인구 (명),소계,5115,5060,5309
"중구","남산1동",등록인구 (명),남,2529,2481,2563
"중구","남산1동",등록인구 (명),여,2586,2579,2746
"중구","남산1동",한국인 (명),소계,5052,4984,5232
"중구","남산1동",한국인 (명),남,2498,2443,2526
"중구","남산1동",한국인 (명),여,2554,2541,2706
"중구","남산1동",외국인 (명),소계,63,76,77
"중구","남산1동",외국인 (명),남,31,38,37
"중구","남산1동",외국인 (명),여,32,38,40
"중구","남산1동",세대당 인구 (명),소계,-,-,1.86
"중구","남산1동",65세이상고령자 (명),소계,1079,1080,1122
"중구","남산1동",평균연령 (세),소계,-,-,45.9
"중구","남산1동",인구밀도 (명/㎢),소계,-,-,13613
"중구","남산1동",면적 (㎢),소계,-,-,0.39
"중구","남산2동",세대수 (세대),소계,2059,1915,1835
"중구","남산2동",등록인구 (명),소계,4045,3716,3481
"중구","남산2동",등록인구 (명),남,1961,1800,1682
"중구","남산2동",등록인구 (명),여,2084,1916,1799
"중구","남산2동",한국인 (명),소계,3990,3671,3440
"중구","남산2동",한국인 (명),남,1927,1773,1656
"중구","남산2동",한국인 (명),여,2063,1898,1784
"중구","남산2동",외국인 (명),소계,55,45,41
"중구","남산2동",외국인 (명),남,34,27,26
"중구","남산2동",외국인 (명),여,21,18,15
"중구","남산2동",세대당 인구 (명),소계,-,-,1.87
"중구","남산2동",65세이상고령자 (명),소계,970,903,865
"중구","남산2동",평균연령 (세),소계,-,-,48.4
"중구","남산2동",인구밀도 (명/㎢),소계,-,-,9161
"중구","남산2동",면적 (㎢),소계,-,-,0.38
"중구","남산3동",세대수 (세대),소계,2980,2992,3025
"중구","남산3동",등록인구 (명),소계,7362,7310,7234
"중구","남산3동",등록인구 (명),남,3445,3405,3351
"중구","남산3동",등록인구 (명),여,3917,3905,3883
"중구","남산3동",한국인 (명),소계,7324,7273,7201
"중구","남산3동",한국인 (명),남,3436,3395,3342
"중구","남산3동",한국인 (명),여,3888,3878,3859
"중구","남산3동",외국인 (명),소계,38,37,33
"중구","남산3동",외국인 (명),남,9,10,9
"중구","남산3동",외국인 (명),여,29,27,24
"중구","남산3동",세대당 인구 (명),소계,-,-,2.38
"중구","남산3동",65세이상고령자 (명),소계,1346,1394,1459
"중구","남산3동",평균연령 (세),소계,-,-,44.6
"중구","남산3동",인구밀도 (명/㎢),소계,-,-,18085
"중구","남산3동",면적 (㎢),소계,-,-,0.4
"중구","남산4동",세대수 (세대),소계,4987,4969,4969
"중구","남산4동",등록인구 (명),소계,12485,12418,12293
"중구","남산4동",등록인구 (명),남,5980,5911,5837
"중구","남산4동",등록인구 (명),여,6505,6507,6456
"중구","남산4동",한국인 (명),소계,12446,12385,12260
"중구","남산4동",한국인 (명),남,5964,5898,5823
"중구","남산4동",한국인 (명),여,6482,6487,6437
"중구","남산4동",외국인 (명),소계,39,33,33
"중구","남산4동",외국인 (명),남,16,13,14
"중구","남산4동",외국인 (명),여,23,20,19
"중구","남산4동",세대당 인구 (명),소계,-,-,2.47
"중구","남산4동",65세이상고령자 (명),소계,2364,2391,2482
"중구","남산4동",평균연령 (세),소계,-,-,44.5
"중구","남산4동",인구밀도 (명/㎢),소계,-,-,27318
"중구","남산4동",면적 (㎢),소계,-,-,0.45
"중구","대봉1동",세대수 (세대),소계,3460,3334,3299
"중구","대봉1동",등록인구 (명),소계,8253,7919,7859
"중구","대봉1동",등록인구 (명),남,3928,3779,3699
"중구","대봉1동",등록인구 (명),여,4325,4140,4160
"중구","대봉1동",한국인 (명),소계,8172,7834,7757
"중구","대봉1동",한국인 (명),남,3892,3740,3652
"중구","대봉1동",한국인 (명),여,4280,4094,4105
"중구","대봉1동",외국인 (명),소계,81,85,102
"중구","대봉1동",외국인 (명),남,36,39,47
"중구","대봉1동",외국인 (명),여,45,46,55
"중구","대봉1동",세대당 인구 (명),소계,-,-,2.35
"중구","대봉1동",65세이상고령자 (명),소계,1604,1563,1594
"중구","대봉1동",평균연령 (세),소계,-,-,44.7
"중구","대봉1동",인구밀도 (명/㎢),소계,-,-,13320
"중구","대봉1동",면적 (㎢),소계,-,-,0.59
"중구","대봉2동",세대수 (세대),소계,1424,1371,1318
"중구","대봉2동",등록인구 (명),소계,2864,2757,2567
"중구","대봉2동",등록인구 (명),남,1398,1339,1251
"중구","대봉2동",등록인구 (명),여,1466,1418,1316
"중구","대봉2동",한국인 (명),소계,2848,2744,2550
"중구","대봉2동",한국인 (명),남,1392,1333,1244
"중구","대봉2동",한국인 (명),여,1456,1411,1306
"중구","대봉2동",외국인 (명),소계,16,13,17
"중구","대봉2동",외국인 (명),남,6,6,7
"중구","대봉2동",외국인 (명),여,10,7,10
"중구","대봉2동",세대당 인구 (명),소계,-,-,1.93
"중구","대봉2동",65세이상고령자 (명),소계,742,761,774
"중구","대봉2동",평균연령 (세),소계,-,-,51.3
"중구","대봉2동",인구밀도 (명/㎢),소계,-,-,10268
"중구","대봉2동",면적 (㎢),소계,-,-,0.25
"동구","소계",세대수 (세대),소계,148719,152370,152545
"동구","소계",등록인구 (명),소계,351206,353178,347376
"동구","소계",등록인구 (명),남,173960,174607,171253
"동구","소계",등록인구 (명),여,177246,178571,176123
"동구","소계",한국인 (명),소계,349379,351291,345469
"동구","소계",한국인 (명),남,173301,173955,170601
"동구","소계",한국인 (명),여,176078,177336,174868
"동구","소계",외국인 (명),소계,1827,1887,1907
"동구","소계",외국인 (명),남,659,652,652
"동구","소계",외국인 (명),여,1168,1235,1255
"동구","소계",세대당 인구 (명),소계,-,-,2.26
"동구","소계",65세이상고령자 (명),소계,58893,61656,64014
"동구","소계",평균연령 (세),소계,-,-,44.4
"동구","소계",인구밀도 (명/㎢),소계,-,-,1907
"동구","소계",면적 (㎢),소계,-,-,182.15
"동구","신암1동",세대수 (세대),소계,5279,4846,4125
"동구","신암1동",등록인구 (명),소계,10912,9863,8153
"동구","신암1동",등록인구 (명),남,5467,4912,4054
"동구","신암1동",등록인구 (명),여,5445,4951,4099
"동구","신암1동",한국인 (명),소계,10823,9770,8092
"동구","신암1동",한국인 (명),남,5438,4879,4034
"동구","신암1동",한국인 (명),여,5385,4891,4058
"동구","신암1동",외국인 (명),소계,89,93,61
"동구","신암1동",외국인 (명),남,29,33,20
"동구","신암1동",외국인 (명),여,60,60,41
"동구","신암1동",세대당 인구 (명),소계,-,-,1.96
"동구","신암1동",65세이상고령자 (명),소계,2704,2594,2297
"동구","신암1동",평균연령 (세),소계,-,-,50.8
"동구","신암1동",인구밀도 (명/㎢),소계,-,-,13588
"동구","신암1동",면적 (㎢),소계,-,-,0.6
"동구","신암2동",세대수 (세대),소계,4922,4919,4853
"동구","신암2동",등록인구 (명),소계,12208,12049,11635
"동구","신암2동",등록인구 (명),남,5867,5767,5554
"동구","신암2동",등록인구 (명),여,6341,6282,6081
"동구","신암2동",한국인 (명),소계,12157,12000,11587
"동구","신암2동",한국인 (명),남,5851,5755,5541
"동구","신암2동",한국인 (명),여,6306,6245,6046
"동구","신암2동",외국인 (명),소계,51,49,48
"동구","신암2동",외국인 (명),남,16,12,13
"동구","신암2동",외국인 (명),여,35,37,35
"동구","신암2동",세대당 인구 (명),소계,-,-,2.39
"동구","신암2동",65세이상고령자 (명),소계,2023,2155,2232
"동구","신암2동",평균연령 (세),소계,-,-,43.8
"동구","신암2동",인구밀도 (명/㎢),소계,-,-,30618
"동구","신암2동",면적 (㎢),소계,-,-,0.38
"동구","신암3동",세대수 (세대),소계,3646,3534,4103
"동구","신암3동",등록인구 (명),소계,7707,7520,9069
"동구","신암3동",등록인구 (명),남,3835,3729,4450
"동구","신암3동",등록인구 (명),여,3872,3791,4619
"동구","신암3동",한국인 (명),소계,7660,7470,9009
"동구","신암3동",한국인 (명),남,3814,3714,4424
"동구","신암3동",한국인 (명),여,3846,3756,4585
"동구","신암3동",외국인 (명),소계,47,50,60
"동구","신암3동",외국인 (명),남,21,15,26
"동구","신암3동",외국인 (명),여,26,35,34
"동구","신암3동",세대당 인구 (명),소계,-,-,2.2
"동구","신암3동",65세이상고령자 (명),소계,1723,1674,1811
"동구","신암3동",평균연령 (세),소계,-,-,45.3
"동구","신암3동",인구밀도 (명/㎢),소계,-,-,14867
"동구","신암3동",면적 (㎢),소계,-,-,0.61
"동구","신암4동",세대수 (세대),소계,8429,8207,7411
"동구","신암4동",등록인구 (명),소계,16924,16075,14246
"동구","신암4동",등록인구 (명),남,8565,8180,7218
"동구","신암4동",등록인구 (명),여,8359,7895,7028
"동구","신암4동",한국인 (명),소계,16832,15981,14152
"동구","신암4동",한국인 (명),남,8534,8144,7186
"동구","신암4동",한국인 (명),여,8298,7837,6966
"동구","신암4동",외국인 (명),소계,92,94,94
"동구","신암4동",외국인 (명),남,31,36,32
"동구","신암4동",외국인 (명),여,61,58,62
"동구","신암4동",세대당 인구 (명),소계,-,-,1.91
"동구","신암4동",65세이상고령자 (명),소계,3301,3267,3051
"동구","신암4동",평균연령 (세),소계,-,-,48
"동구","신암4동",인구밀도 (명/㎢),소계,-,-,12281
"동구","신암4동",면적 (㎢),소계,-,-,1.16
"동구","신암5동",세대수 (세대),소계,3457,3393,3228
"동구","신암5동",등록인구 (명),소계,7677,7355,6790
"동구","신암5동",등록인구 (명),남,3717,3520,3246
"동구","신암5동",등록인구 (명),여,3960,3835,3544
"동구","신암5동",한국인 (명),소계,7627,7307,6743
"동구","신암5동",한국인 (명),남,3700,3505,3230
"동구","신암5동",한국인 (명),여,3927,3802,3513
"동구","신암5동",외국인 (명),소계,50,48,47
"동구","신암5동",외국인 (명),남,17,15,16
"동구","신암5동",외국인 (명),여,33,33,31
"동구","신암5동",세대당 인구 (명),소계,-,-,2.09
"동구","신암5동",65세이상고령자 (명),소계,1692,1745,1717
"동구","신암5동",평균연령 (세),소계,-,-,49.6
"동구","신암5동",인구밀도 (명/㎢),소계,-,-,13314
"동구","신암5동",면적 (㎢),소계,-,-,0.51
"동구","신천1·2동",세대수 (세대),소계,6031,6071,6098
"동구","신천1·2동",등록인구 (명),소계,14137,13850,13674
"동구","신천1·2동",등록인구 (명),남,6858,6741,6613
"동구","신천1·2동",등록인구 (명),여,7279,7109,7061
"동구","신천1·2동",한국인 (명),소계,14094,13806,13632
"동구","신천1·2동",한국인 (명),남,6849,6734,6605
"동구","신천1·2동",한국인 (명),여,7245,7072,7027
"동구","신천1·2동",외국인 (명),소계,43,44,42
"동구","신천1·2동",외국인 (명),남,9,7,8
"동구","신천1·2동",외국인 (명),여,34,37,34
"동구","신천1·2동",세대당 인구 (명),소계,-,-,2.24
"동구","신천1·2동",65세이상고령자 (명),소계,2670,2831,3061
"동구","신천1·2동",평균연령 (세),소계,-,-,46.5
"동구","신천1·2동",인구밀도 (명/㎢),소계,-,-,28488
"동구","신천1·2동",면적 (㎢),소계,-,-,0.48
"동구","신천3동",세대수 (세대),소계,4853,5415,5309
"동구","신천3동",등록인구 (명),소계,11821,13187,12827
"동구","신천3동",등록인구 (명),남,5945,6616,6376
"동구","신천3동",등록인구 (명),여,5876,6571,6451
"동구","신천3동",한국인 (명),소계,11760,13126,12776
"동구","신천3동",한국인 (명),남,5921,6592,6353
"동구","신천3동",한국인 (명),여,5839,6534,6423
"동구","신천3동",외국인 (명),소계,61,61,51
"동구","신천3동",외국인 (명),남,24,24,23
"동구","신천3동",외국인 (명),여,37,37,28
"동구","신천3동",세대당 인구 (명),소계,-,-,2.41
"동구","신천3동",65세이상고령자 (명),소계,1976,2143,2117
"동구","신천3동",평균연령 (세),소계,-,-,43.4
"동구","신천3동",인구밀도 (명/㎢),소계,-,-,18324
"동구","신천3동",면적 (㎢),소계,-,-,0.7
"동구","신천4동",세대수 (세대),소계,4940,4750,4578
"동구","신천4동",등록인구 (명),소계,9144,8408,7827
"동구","신천4동",등록인구 (명),남,4565,4218,3931
"동구","신천4동",등록인구 (명),여,4579,4190,3896
"동구","신천4동",한국인 (명),소계,9064,8324,7738
"동구","신천4동",한국인 (명),남,4547,4186,3893
"동구","신천4동",한국인 (명),여,4517,4138,3845
"동구","신천4동",외국인 (명),소계,80,84,89
"동구","신천4동",외국인 (명),남,18,32,38
"동구","신천4동",외국인 (명),여,62,52,51
"동구","신천4동",세대당 인구 (명),소계,-,-,1.69
"동구","신천4동",65세이상고령자 (명),소계,1789,1664,1634
"동구","신천4동",평균연령 (세),소계,-,-,47.3
"동구","신천4동",인구밀도 (명/㎢),소계,-,-,10035
"동구","신천4동",면적 (㎢),소계,-,-,0.78
"동구","효목1동",세대수 (세대),소계,6798,6857,7009
"동구","효목1동",등록인구 (명),소계,14927,14708,14612
"동구","효목1동",등록인구 (명),남,7409,7293,7236
"동구","효목1동",등록인구 (명),여,7518,7415,7376
"동구","효목1동",한국인 (명),소계,14836,14619,14518
"동구","효목1동",한국인 (명),남,7371,7265,7207
"동구","효목1동",한국인 (명),여,7465,7354,7311
"동구","효목1동",외국인 (명),소계,91,89,94
"동구","효목1동",외국인 (명),남,38,28,29
"동구","효목1동",외국인 (명),여,53,61,65
"동구","효목1동",세대당 인구 (명),소계,-,-,2.07
"동구","효목1동",65세이상고령자 (명),소계,3215,3396,3601
"동구","효목1동",평균연령 (세),소계,-,-,48.8
"동구","효목1동",인구밀도 (명/㎢),소계,-,-,10666
"동구","효목1동",면적 (㎢),소계,-,-,1.37
"동구","효목2동",세대수 (세대),소계,7123,7170,7116
"동구","효목2동",등록인구 (명),소계,16023,15743,15367
"동구","효목2동",등록인구 (명),남,7827,7633,7434
"동구","효목2동",등록인구 (명),여,8196,8110,7933
"동구","효목2동",한국인 (명),소계,15934,15686,15312
"동구","효목2동",한국인 (명),남,7778,7607,7413
"동구","효목2동",한국인 (명),여,8156,8079,7899
"동구","효목2동",외국인 (명),소계,89,57,55
"동구","효목2동",외국인 (명),남,49,26,21
"동구","효목2동",외국인 (명),여,40,31,34
"동구","효목2동",세대당 인구 (명),소계,-,-,2.15
"동구","효목2동",65세이상고령자 (명),소계,3078,3222,3290
"동구","효목2동",평균연령 (세),소계,-,-,46.7
"동구","효목2동",인구밀도 (명/㎢),소계,-,-,21343
"동구","효목2동",면적 (㎢),소계,-,-,0.72
"동구","도평동",세대수 (세대),소계,2049,2055,2034
"동구","도평동",등록인구 (명),소계,4553,4456,4315
"동구","도평동",등록인구 (명),남,2404,2358,2293
"동구","도평동",등록인구 (명),여,2149,2098,2022
"동구","도평동",한국인 (명),소계,4539,4440,4299
"동구","도평동",한국인 (명),남,2399,2352,2285
"동구","도평동",한국인 (명),여,2140,2088,2014
"동구","도평동",외국인 (명),소계,14,16,16
"동구","도평동",외국인 (명),남,5,6,8
"동구","도평동",외국인 (명),여,9,10,8
"동구","도평동",세대당 인구 (명),소계,-,-,2.11
"동구","도평동",65세이상고령자 (명),소계,896,950,989
"동구","도평동",평균연령 (세),소계,-,-,47.3
"동구","도평동",인구밀도 (명/㎢),소계,-,-,208
"동구","도평동",면적 (㎢),소계,-,-,20.73
"동구","불로봉무",세대수 (세대),소계,9820,10521,10710
"동구","불로봉무",등록인구 (명),소계,26014,27480,27382
"동구","불로봉무",등록인구 (명),남,12783,13531,13462
"동구","불로봉무",등록인구 (명),여,13231,13949,13920
"동구","불로봉무",한국인 (명),소계,25861,27311,27203
"동구","불로봉무",한국인 (명),남,12725,13474,13400
"동구","불로봉무",한국인 (명),여,13136,13837,13803
"동구","불로봉무",외국인 (명),소계,153,169,179
"동구","불로봉무",외국인 (명),남,58,57,62
"동구","불로봉무",외국인 (명),여,95,112,117
"동구","불로봉무",세대당 인구 (명),소계,-,-,2.54
"동구","불로봉무",65세이상고령자 (명),소계,3311,3561,3811
"동구","불로봉무",평균연령 (세),소계,-,-,41.2
"동구","불로봉무",인구밀도 (명/㎢),소계,-,-,3431
"동구","불로봉무",면적 (㎢),소계,-,-,7.98
"동구","지저동",세대수 (세대),소계,4861,4864,4915
"동구","지저동",등록인구 (명),소계,10893,10596,10509
"동구","지저동",등록인구 (명),남,5413,5250,5205
"동구","지저동",등록인구 (명),여,5480,5346,5304
"동구","지저동",한국인 (명),소계,10838,10537,10447
"동구","지저동",한국인 (명),남,5395,5230,5187
"동구","지저동",한국인 (명),여,5443,5307,5260
"동구","지저동",외국인 (명),소계,55,59,62
"동구","지저동",외국인 (명),남,18,20,18
"동구","지저동",외국인 (명),여,37,39,44
"동구","지저동",세대당 인구 (명),소계,-,-,2.13
"동구","지저동",65세이상고령자 (명),소계,2123,2195,2307
"동구","지저동",평균연령 (세),소계,-,-,48.4
"동구","지저동",인구밀도 (명/㎢),소계,-,-,5417
"동구","지저동",면적 (㎢),소계,-,-,1.94
"동구","동촌동",세대수 (세대),소계,6871,7350,7545
"동구","동촌동",등록인구 (명),소계,15638,16388,16400
"동구","동촌동",등록인구 (명),남,7828,8157,8202
"동구","동촌동",등록인구 (명),여,7810,8231,8198
"동구","동촌동",한국인 (명),소계,15523,16285,16294
"동구","동촌동",한국인 (명),남,7793,8124,8173
"동구","동촌동",한국인 (명),여,7730,8161,8121
"동구","동촌동",외국인 (명),소계,115,103,106
"동구","동촌동",외국인 (명),남,35,33,29
"동구","동촌동",외국인 (명),여,80,70,77
"동구","동촌동",세대당 인구 (명),소계,-,-,2.16
"동구","동촌동",65세이상고령자 (명),소계,2880,3126,3311
"동구","동촌동",평균연령 (세),소계,-,-,46.5
"동구","동촌동",인구밀도 (명/㎢),소계,-,-,4271
"동구","동촌동",면적 (㎢),소계,-,-,3.84
"동구","방촌동",세대수 (세대),소계,7894,7898,7940
"동구","방촌동",등록인구 (명),소계,19695,19212,18997
"동구","방촌동",등록인구 (명),남,9602,9344,9168
"동구","방촌동",등록인구 (명),여,10093,9868,9829
"동구","방촌동",한국인 (명),소계,19623,19133,18918
"동구","방촌동",한국인 (명),남,9581,9325,9149
"동구","방촌동",한국인 (명),여,10042,9808,9769
"동구","방촌동",외국인 (명),소계,72,79,79
"동구","방촌동",외국인 (명),남,21,19,19
"동구","방촌동",외국인 (명),여,51,60,60
"동구","방촌동",세대당 인구 (명),소계,-,-,2.38
"동구","방촌동",65세이상고령자 (명),소계,3559,3750,4021
"동구","방촌동",평균연령 (세),소계,-,-,47
"동구","방촌동",인구밀도 (명/㎢),소계,-,-,14392
"동구","방촌동",면적 (㎢),소계,-,-,1.32
"동구","해안동",세대수 (세대),소계,7103,7095,7114
"동구","해안동",등록인구 (명),소계,16546,16132,15757
"동구","해안동",등록인구 (명),남,8290,8086,7950
"동구","해안동",등록인구 (명),여,8256,8046,7807
"동구","해안동",한국인 (명),소계,16479,16046,15669
"동구","해안동",한국인 (명),남,8275,8057,7919
"동구","해안동",한국인 (명),여,8204,7989,7750
"동구","해안동",외국인 (명),소계,67,86,88
"동구","해안동",외국인 (명),남,15,29,31
"동구","해안동",외국인 (명),여,52,57,57
"동구","해안동",세대당 인구 (명),소계,-,-,2.2
"동구","해안동",65세이상고령자 (명),소계,3251,3424,3586
"동구","해안동",평균연령 (세),소계,-,-,47.6
"동구","해안동",인구밀도 (명/㎢),소계,-,-,1191
"동구","해안동",면적 (㎢),소계,-,-,13.23
"동구","안심1동",세대수 (세대),소계,19207,19596,19824
"동구","안심1동",등록인구 (명),소계,45270,45175,44657
"동구","안심1동",등록인구 (명),남,22292,22184,21838
"동구","안심1동",등록인구 (명),여,22978,22991,22819
"동구","안심1동",한국인 (명),소계,45009,44903,44395
"동구","안심1동",한국인 (명),남,22202,22090,21757
"동구","안심1동",한국인 (명),여,22807,22813,22638
"동구","안심1동",외국인 (명),소계,261,272,262
"동구","안심1동",외국인 (명),남,90,94,81
"동구","안심1동",외국인 (명),여,171,178,181
"동구","안심1동",세대당 인구 (명),소계,-,-,2.24
"동구","안심1동",65세이상고령자 (명),소계,6230,6646,7033
"동구","안심1동",평균연령 (세),소계,-,-,42.6
"동구","안심1동",인구밀도 (명/㎢),소계,-,-,13212
"동구","안심1동",면적 (㎢),소계,-,-,3.38
"동구","안심2동",세대수 (세대),소계,4544,4530,4530
"동구","안심2동",등록인구 (명),소계,10986,10684,10480
"동구","안심2동",등록인구 (명),남,5599,5473,5315
"동구","안심2동",등록인구 (명),여,5387,5211,5165
"동구","안심2동",한국인 (명),소계,10930,10625,10423
"동구","안심2동",한국인 (명),남,5578,5455,5301
"동구","안심2동",한국인 (명),여,5352,5170,5122
"동구","안심2동",외국인 (명),소계,56,59,57
"동구","안심2동",외국인 (명),남,21,18,14
"동구","안심2동",외국인 (명),여,35,41,43
"동구","안심2동",세대당 인구 (명),소계,-,-,2.3
"동구","안심2동",65세이상고령자 (명),소계,2041,2117,2226
"동구","안심2동",평균연령 (세),소계,-,-,47.2
"동구","안심2동",인구밀도 (명/㎢),소계,-,-,776
"동구","안심2동",면적 (㎢),소계,-,-,13.5
"동구","안심3·4동",세대수 (세대),소계,24518,26947,27672
"동구","안심3·4동",등록인구 (명),소계,64720,69224,69723
"동구","안심3·4동",등록인구 (명),남,32085,34197,34360
"동구","안심3·4동",등록인구 (명),여,32635,35027,35363
"동구","안심3·4동",한국인 (명),소계,64426,68890,69351
"동구","안심3·4동",한국인 (명),남,31955,34061,34210
"동구","안심3·4동",한국인 (명),여,32471,34829,35141
"동구","안심3·4동",외국인 (명),소계,294,334,372
"동구","안심3·4동",외국인 (명),남,130,136,150
"동구","안심3·4동",외국인 (명),여,164,198,222
"동구","안심3·4동",세대당 인구 (명),소계,-,-,2.51
"동구","안심3·4동",65세이상고령자 (명),소계,6708,7350,7892
"동구","안심3·4동",평균연령 (세),소계,-,-,38.5
"동구","안심3·4동",인구밀도 (명/㎢),소계,-,-,2776
"동구","안심3·4동",면적 (㎢),소계,-,-,25.12
"동구","공산동",세대수 (세대),소계,6374,6352,6431
"동구","공산동",등록인구 (명),소계,15411,15073,14956
"동구","공산동",등록인구 (명),남,7609,7418,7348
"동구","공산동",등록인구 (명),여,7802,7655,7608
"동구","공산동",한국인 (명),소계,15364,15032,14911
"동구","공산동",한국인 (명),남,7595,7406,7334
"동구","공산동",한국인 (명),여,7769,7626,7577
"동구","공산동",외국인 (명),소계,47,41,45
"동구","공산동",외국인 (명),남,14,12,14
"동구","공산동",외국인 (명),여,33,29,31
"동구","공산동",세대당 인구 (명),소계,-,-,2.32
"동구","공산동",65세이상고령자 (명),소계,3723,3846,4027
"동구","공산동",평균연령 (세),소계,-,-,49.6
"동구","공산동",인구밀도 (명/㎢),소계,-,-,178
"동구","공산동",면적 (㎢),소계,-,-,83.8
"서구","소계",세대수 (세대),소계,86738,85142,82733
"서구","소계",등록인구 (명),소계,194379,186796,177758
"서구","소계",등록인구 (명),남,98127,94119,89431
"서구","소계",등록인구 (명),여,96252,92677,88327
"서구","소계",한국인 (명),소계,191992,184372,175277
"서구","소계",한국인 (명),남,96795,92796,88052
"서구","소계",한국인 (명),여,95197,91576,87225
"서구","소계",외국인 (명),소계,2387,2424,2481
"서구","소계",외국인 (명),남,1332,1323,1379
"서구","소계",외국인 (명),여,1055,1101,1102
"서구","소계",세대당 인구 (명),소계,-,-,2.12
"서구","소계",65세이상고령자 (명),소계,34758,35821,36752
"서구","소계",평균연령 (세),소계,-,-,47.4
"서구","소계",인구밀도 (명/㎢),소계,-,-,10257
"서구","소계",면적 (㎢),소계,-,-,17.33
"서구","내당1동",세대수 (세대),소계,5096,4718,4220
"서구","내당1동",등록인구 (명),소계,11196,10157,9016
"서구","내당1동",등록인구 (명),남,5526,5018,4449
"서구","내당1동",등록인구 (명),여,5670,5139,4567
"서구","내당1동",한국인 (명),소계,11135,10096,8961
"서구","내당1동",한국인 (명),남,5503,4996,4432
"서구","내당1동",한국인 (명),여,5632,5100,4529
"서구","내당1동",외국인 (명),소계,61,61,55
"서구","내당1동",외국인 (명),남,23,22,17
"서구","내당1동",외국인 (명),여,38,39,38
"서구","내당1동",세대당 인구 (명),소계,-,-,2.12
"서구","내당1동",65세이상고령자 (명),소계,1955,1914,1840
"서구","내당1동",평균연령 (세),소계,-,-,47.1
"서구","내당1동",인구밀도 (명/㎢),소계,-,-,19183
"서구","내당1동",면적 (㎢),소계,-,-,0.47
"서구","내당2·3동",세대수 (세대),소계,5104,5132,5172
"서구","내당2·3동",등록인구 (명),소계,10914,10763,10586
"서구","내당2·3동",등록인구 (명),남,5397,5297,5203
"서구","내당2·3동",등록인구 (명),여,5517,5466,5383
"서구","내당2·3동",한국인 (명),소계,10859,10705,10522
"서구","내당2·3동",한국인 (명),남,5378,5276,5181
"서구","내당2·3동",한국인 (명),여,5481,5429,5341
"서구","내당2·3동",외국인 (명),소계,55,58,64
"서구","내당2·3동",외국인 (명),남,19,21,22
"서구","내당2·3동",외국인 (명),여,36,37,42
"서구","내당2·3동",세대당 인구 (명),소계,-,-,2.03
"서구","내당2·3동",65세이상고령자 (명),소계,2413,2519,2618
"서구","내당2·3동",평균연령 (세),소계,-,-,49.5
"서구","내당2·3동",인구밀도 (명/㎢),소계,-,-,16286
"서구","내당2·3동",면적 (㎢),소계,-,-,0.65
"서구","내당4동",세대수 (세대),소계,7604,7775,7883
"서구","내당4동",등록인구 (명),소계,17823,17802,17425
"서구","내당4동",등록인구 (명),남,8710,8711,8492
"서구","내당4동",등록인구 (명),여,9113,9091,8933
"서구","내당4동",한국인 (명),소계,17730,17712,17327
"서구","내당4동",한국인 (명),남,8672,8680,8453
"서구","내당4동",한국인 (명),여,9058,9032,8874
"서구","내당4동",외국인 (명),소계,93,90,98
"서구","내당4동",외국인 (명),남,38,31,39
"서구","내당4동",외국인 (명),여,55,59,59
"서구","내당4동",세대당 인구 (명),소계,-,-,2.2
"서구","내당4동",65세이상고령자 (명),소계,2806,3048,3302
"서구","내당4동",평균연령 (세),소계,-,-,45.9
"서구","내당4동",인구밀도 (명/㎢),소계,-,-,22928
"서구","내당4동",면적 (㎢),소계,-,-,0.76
"서구","비산1동",세대수 (세대),소계,4977,4929,4894
"서구","비산1동",등록인구 (명),소계,10887,10622,10247
"서구","비산1동",등록인구 (명),남,5610,5450,5236
"서구","비산1동",등록인구 (명),여,5277,5172,5011
"서구","비산1동",한국인 (명),소계,10738,10468,10129
"서구","비산1동",한국인 (명),남,5528,5367,5184
"서구","비산1동",한국인 (명),여,5210,5101,4945
"서구","비산1동",외국인 (명),소계,149,154,118
"서구","비산1동",외국인 (명),남,82,83,52
"서구","비산1동",외국인 (명),여,67,71,66
"서구","비산1동",세대당 인구 (명),소계,-,-,2.07
"서구","비산1동",65세이상고령자 (명),소계,2085,2158,2302
"서구","비산1동",평균연령 (세),소계,-,-,48.9
"서구","비산1동",인구밀도 (명/㎢),소계,-,-,16011
"서구","비산1동",면적 (㎢),소계,-,-,0.64
"서구","비산2·3동",세대수 (세대),소계,5309,5268,5264
"서구","비산2·3동",등록인구 (명),소계,10606,10219,9982
"서구","비산2·3동",등록인구 (명),남,5293,5102,4998
"서구","비산2·3동",등록인구 (명),여,5313,5117,4984
"서구","비산2·3동",한국인 (명),소계,10556,10161,9919
"서구","비산2·3동",한국인 (명),남,5280,5086,4980
"서구","비산2·3동",한국인 (명),여,5276,5075,4939
"서구","비산2·3동",외국인 (명),소계,50,58,63
"서구","비산2·3동",외국인 (명),남,13,16,18
"서구","비산2·3동",외국인 (명),여,37,42,45
"서구","비산2·3동",세대당 인구 (명),소계,-,-,1.88
"서구","비산2·3동",65세이상고령자 (명),소계,2690,2711,2805
"서구","비산2·3동",평균연령 (세),소계,-,-,51.4
"서구","비산2·3동",인구밀도 (명/㎢),소계,-,-,20371
"서구","비산2·3동",면적 (㎢),소계,-,-,0.49
"서구","비산4동",세대수 (세대),소계,4638,4661,4672
"서구","비산4동",등록인구 (명),소계,10637,10463,10277
"서구","비산4동",등록인구 (명),남,5222,5150,5045
"서구","비산4동",등록인구 (명),여,5415,5313,5232
"서구","비산4동",한국인 (명),소계,10592,10419,10232
"서구","비산4동",한국인 (명),남,5208,5136,5030
"서구","비산4동",한국인 (명),여,5384,5283,5202
"서구","비산4동",외국인 (명),소계,45,44,45
"서구","비산4동",외국인 (명),남,14,14,15
"서구","비산4동",외국인 (명),여,31,30,30
"서구","비산4동",세대당 인구 (명),소계,-,-,2.19
"서구","비산4동",65세이상고령자 (명),소계,2012,2111,2274
"서구","비산4동",평균연령 (세),소계,-,-,48.2
"서구","비산4동",인구밀도 (명/㎢),소계,-,-,26351
"서구","비산4동",면적 (㎢),소계,-,-,0.39
"서구","비산5동",세대수 (세대),소계,3385,3362,3377
"서구","비산5동",등록인구 (명),소계,6902,6744,6699
"서구","비산5동",등록인구 (명),남,3512,3437,3425
"서구","비산5동",등록인구 (명),여,3390,3307,3274
"서구","비산5동",한국인 (명),소계,6769,6586,6539
"서구","비산5동",한국인 (명),남,3450,3360,3349
"서구","비산5동",한국인 (명),여,3319,3226,3190
"서구","비산5동",외국인 (명),소계,133,158,160
"서구","비산5동",외국인 (명),남,62,77,76
"서구","비산5동",외국인 (명),여,71,81,84
"서구","비산5동",세대당 인구 (명),소계,-,-,1.94
"서구","비산5동",65세이상고령자 (명),소계,1537,1633,1734
"서구","비산5동",평균연령 (세),소계,-,-,50.3
"서구","비산5동",인구밀도 (명/㎢),소계,-,-,23925
"서구","비산5동",면적 (㎢),소계,-,-,0.28
"서구","비산6동",세대수 (세대),소계,3721,3749,3795
"서구","비산6동",등록인구 (명),소계,8342,8173,8065
"서구","비산6동",등록인구 (명),남,4178,4079,3998
"서구","비산6동",등록인구 (명),여,4164,4094,4067
"서구","비산6동",한국인 (명),소계,8281,8112,8013
"서구","비산6동",한국인 (명),남,4153,4057,3981
"서구","비산6동",한국인 (명),여,4128,4055,4032
"서구","비산6동",외국인 (명),소계,61,61,52
"서구","비산6동",외국인 (명),남,25,22,17
"서구","비산6동",외국인 (명),여,36,39,35
"서구","비산6동",세대당 인구 (명),소계,-,-,2.11
"서구","비산6동",65세이상고령자 (명),소계,1596,1664,1748
"서구","비산6동",평균연령 (세),소계,-,-,48.8
"서구","비산6동",인구밀도 (명/㎢),소계,-,-,29870
"서구","비산6동",면적 (㎢),소계,-,-,0.27
"서구","비산7동",세대수 (세대),소계,5922,5855,5865
"서구","비산7동",등록인구 (명),소계,12486,12169,12070
"서구","비산7동",등록인구 (명),남,6724,6522,6533
"서구","비산7동",등록인구 (명),여,5762,5647,5537
"서구","비산7동",한국인 (명),소계,11666,11306,11102
"서구","비산7동",한국인 (명),남,6170,5946,5861
"서구","비산7동",한국인 (명),여,5496,5360,5241
"서구","비산7동",외국인 (명),소계,820,863,968
"서구","비산7동",외국인 (명),남,554,576,672
"서구","비산7동",외국인 (명),여,266,287,296
"서구","비산7동",세대당 인구 (명),소계,-,-,1.89
"서구","비산7동",65세이상고령자 (명),소계,2248,2379,2500
"서구","비산7동",평균연령 (세),소계,-,-,49.1
"서구","비산7동",인구밀도 (명/㎢),소계,-,-,4405
"서구","비산7동",면적 (㎢),소계,-,-,2.74
"서구","평리1동",세대수 (세대),소계,3863,3848,3907
"서구","평리1동",등록인구 (명),소계,8438,8281,8175
"서구","평리1동",등록인구 (명),남,4304,4192,4118
"서구","평리1동",등록인구 (명),여,4134,4089,4057
"서구","평리1동",한국인 (명),소계,8374,8214,8113
"서구","평리1동",한국인 (명),남,4284,4176,4099
"서구","평리1동",한국인 (명),여,4090,4038,4014
"서구","평리1동",외국인 (명),소계,64,67,62
"서구","평리1동",외국인 (명),남,20,16,19
"서구","평리1동",외국인 (명),여,44,51,43
"서구","평리1동",세대당 인구 (명),소계,-,-,2.08
"서구","평리1동",65세이상고령자 (명),소계,1647,1693,1796
"서구","평리1동",평균연령 (세),소계,-,-,48.4
"서구","평리1동",인구밀도 (명/㎢),소계,-,-,20962
"서구","평리1동",면적 (㎢),소계,-,-,0.39
"서구","평리2동",세대수 (세대),소계,3576,3582,3604
"서구","평리2동",등록인구 (명),소계,8671,8552,8415
"서구","평리2동",등록인구 (명),남,4264,4197,4125
"서구","평리2동",등록인구 (명),여,4407,4355,4290
"서구","평리2동",한국인 (명),소계,8638,8507,8374
"서구","평리2동",한국인 (명),남,4256,4184,4113
"서구","평리2동",한국인 (명),여,4382,4323,4261
"서구","평리2동",외국인 (명),소계,33,45,41
"서구","평리2동",외국인 (명),남,8,13,12
"서구","평리2동",외국인 (명),여,25,32,29
"서구","평리2동",세대당 인구 (명),소계,-,-,2.32
"서구","평리2동",65세이상고령자 (명),소계,1318,1374,1481
"서구","평리2동",평균연령 (세),소계,-,-,44.7
"서구","평리2동",인구밀도 (명/㎢),소계,-,-,29017
"서구","평리2동",면적 (㎢),소계,-,-,0.29
"서구","평리3동",세대수 (세대),소계,5917,5204,5153
"서구","평리3동",등록인구 (명),소계,12963,10987,10598
"서구","평리3동",등록인구 (명),남,6567,5547,5358
"서구","평리3동",등록인구 (명),여,6396,5440,5240
"서구","평리3동",한국인 (명),소계,12870,10893,10511
"서구","평리3동",한국인 (명),남,6528,5509,5323
"서구","평리3동",한국인 (명),여,6342,5384,5188
"서구","평리3동",외국인 (명),소계,93,94,87
"서구","평리3동",외국인 (명),남,39,38,35
"서구","평리3동",외국인 (명),여,54,56,52
"서구","평리3동",세대당 인구 (명),소계,-,-,2.04
"서구","평리3동",65세이상고령자 (명),소계,2182,2018,2123
"서구","평리3동",평균연령 (세),소계,-,-,48
"서구","평리3동",인구밀도 (명/㎢),소계,-,-,13587
"서구","평리3동",면적 (㎢),소계,-,-,0.78
"서구","평리4동",세대수 (세대),소계,8086,8206,8299
"서구","평리4동",등록인구 (명),소계,18937,18835,18705
"서구","평리4동",등록인구 (명),남,9472,9367,9282
"서구","평리4동",등록인구 (명),여,9465,9468,9423
"서구","평리4동",한국인 (명),소계,18863,18762,18617
"서구","평리4동",한국인 (명),남,9452,9348,9259
"서구","평리4동",한국인 (명),여,9411,9414,9358
"서구","평리4동",외국인 (명),소계,74,73,88
"서구","평리4동",외국인 (명),남,20,19,23
"서구","평리4동",외국인 (명),여,54,54,65
"서구","평리4동",세대당 인구 (명),소계,-,-,2.24
"서구","평리4동",65세이상고령자 (명),소계,2685,2886,3128
"서구","평리4동",평균연령 (세),소계,-,-,44.2
"서구","평리4동",인구밀도 (명/㎢),소계,-,-,25277
"서구","평리4동",면적 (㎢),소계,-,-,0.74
"서구","평리5동",세대수 (세대),소계,2984,2860,1124
"서구","평리5동",등록인구 (명),소계,6701,6261,2262
"서구","평리5동",등록인구 (명),남,3493,3279,1187
"서구","평리5동",등록인구 (명),여,3208,2982,1075
"서구","평리5동",한국인 (명),소계,6644,6208,2233
"서구","평리5동",한국인 (명),남,3470,3256,1171
"서구","평리5동",한국인 (명),여,3174,2952,1062
"서구","평리5동",외국인 (명),소계,57,53,29
"서구","평리5동",외국인 (명),남,23,23,16
"서구","평리5동",외국인 (명),여,34,30,13
"서구","평리5동",세대당 인구 (명),소계,-,-,1.99
"서구","평리5동",65세이상고령자 (명),소계,1160,1176,463
"서구","평리5동",평균연령 (세),소계,-,-,48.1
"서구","평리5동",인구밀도 (명/㎢),소계,-,-,5386
"서구","평리5동",면적 (㎢),소계,-,-,0.42
"서구","평리6동",세대수 (세대),소계,3506,2899,2617
"서구","평리6동",등록인구 (명),소계,7846,6315,5657
"서구","평리6동",등록인구 (명),남,4132,3356,3007
"서구","평리6동",등록인구 (명),여,3714,2959,2650
"서구","평리6동",한국인 (명),소계,7753,6212,5539
"서구","평리6동",한국인 (명),남,4085,3294,2931
"서구","평리6동",한국인 (명),여,3668,2918,2608
"서구","평리6동",외국인 (명),소계,93,103,118
"서구","평리6동",외국인 (명),남,47,62,76
"서구","평리6동",외국인 (명),여,46,41,42
"서구","평리6동",세대당 인구 (명),소계,-,-,2.12
"서구","평리6동",65세이상고령자 (명),소계,1427,1277,1229
"서구","평리6동",평균연령 (세),소계,-,-,49.2
"서구","평리6동",인구밀도 (명/㎢),소계,-,-,7749
"서구","평리6동",면적 (㎢),소계,-,-,0.73
"서구","상중이동",세대수 (세대),소계,8423,8551,8721
"서구","상중이동",등록인구 (명),소계,21499,21326,21250
"서구","상중이동",등록인구 (명),남,10875,10770,10742
"서구","상중이동",등록인구 (명),여,10624,10556,10508
"서구","상중이동",한국인 (명),소계,21065,20952,20893
"서구","상중이동",한국인 (명),남,10550,10500,10501
"서구","상중이동",한국인 (명),여,10515,10452,10392
"서구","상중이동",외국인 (명),소계,434,374,357
"서구","상중이동",외국인 (명),남,325,270,241
"서구","상중이동",외국인 (명),여,109,104,116
"서구","상중이동",세대당 인구 (명),소계,-,-,2.4
"서구","상중이동",65세이상고령자 (명),소계,2978,3185,3431
"서구","상중이동",평균연령 (세),소계,-,-,44.4
"서구","상중이동",인구밀도 (명/㎢),소계,-,-,3176
"서구","상중이동",면적 (㎢),소계,-,-,6.69
"서구","원대동",세대수 (세대),소계,4627,4543,4166
"서구","원대동",등록인구 (명),소계,9531,9127,8329
"서구","원대동",등록인구 (명),남,4848,4645,4233
"서구","원대동",등록인구 (명),여,4683,4482,4096
"서구","원대동",한국인 (명),소계,9459,9059,8253
"서구","원대동",한국인 (명),남,4828,4625,4204
"서구","원대동",한국인 (명),여,4631,4434,4049
"서구","원대동",외국인 (명),소계,72,68,76
"서구","원대동",외국인 (명),남,20,20,29
"서구","원대동",외국인 (명),여,52,48,47
"서구","원대동",세대당 인구 (명),소계,-,-,1.98
"서구","원대동",65세이상고령자 (명),소계,2019,2075,1978
"서구","원대동",평균연령 (세),소계,-,-,49.3
"서구","원대동",인구밀도 (명/㎢),소계,-,-,13882
"서구","원대동",면적 (㎢),소계,-,-,0.6
"남구","소계",세대수 (세대),소계,73442,74134,74588
"남구","소계",등록인구 (명),소계,153963,151821,149660
"남구","소계",등록인구 (명),남,74585,73214,72038
"남구","소계",등록인구 (명),여,79378,78607,77622
"남구","소계",한국인 (명),소계,152845,150501,148113
"남구","소계",한국인 (명),남,74133,72664,71366
"남구","소계",한국인 (명),여,78712,77837,76747
"남구","소계",외국인 (명),소계,1118,1320,1547
"남구","소계",외국인 (명),남,452,550,672
"남구","소계",외국인 (명),여,666,770,875
"남구","소계",세대당 인구 (명),소계,-,-,1.99
"남구","소계",65세이상고령자 (명),소계,31132,32158,32987
"남구","소계",평균연령 (세),소계,-,-,47.2
"남구","소계",인구밀도 (명/㎢),소계,-,-,8586
"남구","소계",면적 (㎢),소계,-,-,17.43
"남구","이천동",세대수 (세대),소계,6162,6094,5785
"남구","이천동",등록인구 (명),소계,14154,13767,13093
"남구","이천동",등록인구 (명),남,6786,6557,6228
"남구","이천동",등록인구 (명),여,7368,7210,6865
"남구","이천동",한국인 (명),소계,14050,13652,12971
"남구","이천동",한국인 (명),남,6741,6508,6174
"남구","이천동",한국인 (명),여,7309,7144,6797
"남구","이천동",외국인 (명),소계,104,115,122
"남구","이천동",외국인 (명),남,45,49,54
"남구","이천동",외국인 (명),여,59,66,68
"남구","이천동",세대당 인구 (명),소계,-,-,2.24
"남구","이천동",65세이상고령자 (명),소계,3046,3115,3090
"남구","이천동",평균연령 (세),소계,-,-,46.8
"남구","이천동",인구밀도 (명/㎢),소계,-,-,12012
"남구","이천동",면적 (㎢),소계,-,-,1.09
"남구","봉덕1동",세대수 (세대),소계,4803,4960,5085
"남구","봉덕1동",등록인구 (명),소계,9249,9448,9411
"남구","봉덕1동",등록인구 (명),남,4491,4534,4556
"남구","봉덕1동",등록인구 (명),여,4758,4914,4855
"남구","봉덕1동",한국인 (명),소계,9160,9352,9295
"남구","봉덕1동",한국인 (명),남,4445,4492,4506
"남구","봉덕1동",한국인 (명),여,4715,4860,4789
"남구","봉덕1동",외국인 (명),소계,89,96,116
"남구","봉덕1동",외국인 (명),남,46,42,50
"남구","봉덕1동",외국인 (명),여,43,54,66
"남구","봉덕1동",세대당 인구 (명),소계,-,-,1.83
"남구","봉덕1동",65세이상고령자 (명),소계,1900,2025,2141
"남구","봉덕1동",평균연령 (세),소계,-,-,48.2
"남구","봉덕1동",인구밀도 (명/㎢),소계,-,-,19206
"남구","봉덕1동",면적 (㎢),소계,-,-,0.49
"남구","봉덕2동",세대수 (세대),소계,4721,4655,4758
"남구","봉덕2동",등록인구 (명),소계,11138,10935,11082
"남구","봉덕2동",등록인구 (명),남,5447,5304,5334
"남구","봉덕2동",등록인구 (명),여,5691,5631,5748
"남구","봉덕2동",한국인 (명),소계,11046,10849,10976
"남구","봉덕2동",한국인 (명),남,5395,5256,5280
"남구","봉덕2동",한국인 (명),여,5651,5593,5696
"남구","봉덕2동",외국인 (명),소계,92,86,106
"남구","봉덕2동",외국인 (명),남,52,48,54
"남구","봉덕2동",외국인 (명),여,40,38,52
"남구","봉덕2동",세대당 인구 (명),소계,-,-,2.31
"남구","봉덕2동",65세이상고령자 (명),소계,2530,2570,2630
"남구","봉덕2동",평균연령 (세),소계,-,-,47.5
"남구","봉덕2동",인구밀도 (명/㎢),소계,-,-,3622
"남구","봉덕2동",면적 (㎢),소계,-,-,3.06
"남구","봉덕3동",세대수 (세대),소계,7701,7776,8272
"남구","봉덕3동",등록인구 (명),소계,16895,16609,17316
"남구","봉덕3동",등록인구 (명),남,8039,7891,8197
"남구","봉덕3동",등록인구 (명),여,8856,8718,9119
"남구","봉덕3동",한국인 (명),소계,16727,16418,17103
"남구","봉덕3동",한국인 (명),남,7969,7796,8096
"남구","봉덕3동",한국인 (명),여,8758,8622,9007
"남구","봉덕3동",외국인 (명),소계,168,191,213
"남구","봉덕3동",외국인 (명),남,70,95,101
"남구","봉덕3동",외국인 (명),여,98,96,112
"남구","봉덕3동",세대당 인구 (명),소계,-,-,2.07
"남구","봉덕3동",65세이상고령자 (명),소계,3421,3492,3753
"남구","봉덕3동",평균연령 (세),소계,-,-,47
"남구","봉덕3동",인구밀도 (명/㎢),소계,-,-,6437
"남구","봉덕3동",면적 (㎢),소계,-,-,2.69
"남구","대명1동",세대수 (세대),소계,5410,5562,5648
"남구","대명1동",등록인구 (명),소계,11970,12037,12077
"남구","대명1동",등록인구 (명),남,5828,5855,5917
"남구","대명1동",등록인구 (명),여,6142,6182,6160
"남구","대명1동",한국인 (명),소계,11883,11830,11721
"남구","대명1동",한국인 (명),남,5793,5768,5738
"남구","대명1동",한국인 (명),여,6090,6062,5983
"남구","대명1동",외국인 (명),소계,87,207,356
"남구","대명1동",외국인 (명),남,35,87,179
"남구","대명1동",외국인 (명),여,52,120,177
"남구","대명1동",세대당 인구 (명),소계,-,-,2.08
"남구","대명1동",65세이상고령자 (명),소계,2123,2236,2341
"남구","대명1동",평균연령 (세),소계,-,-,46
"남구","대명1동",인구밀도 (명/㎢),소계,-,-,26838
"남구","대명1동",면적 (㎢),소계,-,-,0.45
"남구","대명2동",세대수 (세대),소계,6547,6420,6426
"남구","대명2동",등록인구 (명),소계,12533,11979,11657
"남구","대명2동",등록인구 (명),남,5980,5706,5563
"남구","대명2동",등록인구 (명),여,6553,6273,6094
"남구","대명2동",한국인 (명),소계,12419,11882,11560
"남구","대명2동",한국인 (명),남,5936,5668,5527
"남구","대명2동",한국인 (명),여,6483,6214,6033
"남구","대명2동",외국인 (명),소계,114,97,97
"남구","대명2동",외국인 (명),남,44,38,36
"남구","대명2동",외국인 (명),여,70,59,61
"남구","대명2동",세대당 인구 (명),소계,-,-,1.8
"남구","대명2동",65세이상고령자 (명),소계,2567,2556,2547
"남구","대명2동",평균연령 (세),소계,-,-,46.8
"남구","대명2동",인구밀도 (명/㎢),소계,-,-,14045
"남구","대명2동",면적 (㎢),소계,-,-,0.83
"남구","대명3동",세대수 (세대),소계,6761,6674,6066
"남구","대명3동",등록인구 (명),소계,13375,12934,11381
"남구","대명3동",등록인구 (명),남,6669,6442,5675
"남구","대명3동",등록인구 (명),여,6706,6492,5706
"남구","대명3동",한국인 (명),소계,13288,12863,11289
"남구","대명3동",한국인 (명),남,6645,6420,5639
"남구","대명3동",한국인 (명),여,6643,6443,5650
"남구","대명3동",외국인 (명),소계,87,71,92
"남구","대명3동",외국인 (명),남,24,22,36
"남구","대명3동",외국인 (명),여,63,49,56
"남구","대명3동",세대당 인구 (명),소계,-,-,1.86
"남구","대명3동",65세이상고령자 (명),소계,2885,2960,2707
"남구","대명3동",평균연령 (세),소계,-,-,48.8
"남구","대명3동",인구밀도 (명/㎢),소계,-,-,12107
"남구","대명3동",면적 (㎢),소계,-,-,0.94
"남구","대명4동",세대수 (세대),소계,5523,5661,5815
"남구","대명4동",등록인구 (명),소계,11513,11413,11453
"남구","대명4동",등록인구 (명),남,5654,5572,5563
"남구","대명4동",등록인구 (명),여,5859,5841,5890
"남구","대명4동",한국인 (명),소계,11455,11360,11400
"남구","대명4동",한국인 (명),남,5637,5557,5549
"남구","대명4동",한국인 (명),여,5818,5803,5851
"남구","대명4동",외국인 (명),소계,58,53,53
"남구","대명4동",외국인 (명),남,17,15,14
"남구","대명4동",외국인 (명),여,41,38,39
"남구","대명4동",세대당 인구 (명),소계,-,-,1.96
"남구","대명4동",65세이상고령자 (명),소계,2254,2401,2568
"남구","대명4동",평균연령 (세),소계,-,-,47.8
"남구","대명4동",인구밀도 (명/㎢),소계,-,-,16131
"남구","대명4동",면적 (㎢),소계,-,-,0.71
"남구","대명5동",세대수 (세대),소계,4146,4327,4436
"남구","대명5동",등록인구 (명),소계,8335,8311,8354
"남구","대명5동",등록인구 (명),남,4002,3982,3985
"남구","대명5동",등록인구 (명),여,4333,4329,4369
"남구","대명5동",한국인 (명),소계,8238,8173,8211
"남구","대명5동",한국인 (명),남,3950,3916,3916
"남구","대명5동",한국인 (명),여,4288,4257,4295
"남구","대명5동",외국인 (명),소계,97,138,143
"남구","대명5동",외국인 (명),남,52,66,69
"남구","대명5동",외국인 (명),여,45,72,74
"남구","대명5동",세대당 인구 (명),소계,-,-,1.85
"남구","대명5동",65세이상고령자 (명),소계,1702,1732,1808
"남구","대명5동",평균연령 (세),소계,-,-,46.7
"남구","대명5동",인구밀도 (명/㎢),소계,-,-,9080
"남구","대명5동",면적 (㎢),소계,-,-,0.92
"남구","대명6동",세대수 (세대),소계,5024,5148,4949
"남구","대명6동",등록인구 (명),소계,10340,10350,9747
"남구","대명6동",등록인구 (명),남,5008,4968,4632
"남구","대명6동",등록인구 (명),여,5332,5382,5115
"남구","대명6동",한국인 (명),소계,10298,10307,9703
"남구","대명6동",한국인 (명),남,4999,4956,4622
"남구","대명6동",한국인 (명),여,5299,5351,5081
"남구","대명6동",외국인 (명),소계,42,43,44
"남구","대명6동",외국인 (명),남,9,12,10
"남구","대명6동",외국인 (명),여,33,31,34
"남구","대명6동",세대당 인구 (명),소계,-,-,1.96
"남구","대명6동",65세이상고령자 (명),소계,1951,1983,1889
"남구","대명6동",평균연령 (세),소계,-,-,45.2
"남구","대명6동",인구밀도 (명/㎢),소계,-,-,6498
"남구","대명6동",면적 (㎢),소계,-,-,1.5
"남구","대명9동",세대수 (세대),소계,7625,7723,8055
"남구","대명9동",등록인구 (명),소계,15940,15820,16005
"남구","대명9동",등록인구 (명),남,7783,7710,7788
"남구","대명9동",등록인구 (명),여,8157,8110,8217
"남구","대명9동",한국인 (명),소계,15858,15713,15905
"남구","대명9동",한국인 (명),남,7753,7665,7748
"남구","대명9동",한국인 (명),여,8105,8048,8157
"남구","대명9동",외국인 (명),소계,82,107,100
"남구","대명9동",외국인 (명),남,30,45,40
"남구","대명9동",외국인 (명),여,52,62,60
"남구","대명9동",세대당 인구 (명),소계,-,-,1.97
"남구","대명9동",65세이상고령자 (명),소계,2857,2989,3147
"남구","대명9동",평균연령 (세),소계,-,-,46
"남구","대명9동",인구밀도 (명/㎢),소계,-,-,4735
"남구","대명9동",면적 (㎢),소계,-,-,3.38
"남구","대명10동",세대수 (세대),소계,4591,4730,4848
"남구","대명10동",등록인구 (명),소계,9503,9478,9459
"남구","대명10동",등록인구 (명),남,4520,4507,4488
"남구","대명10동",등록인구 (명),여,4983,4971,4971
"남구","대명10동",한국인 (명),소계,9467,9433,9414
"남구","대명10동",한국인 (명),남,4510,4496,4475
"남구","대명10동",한국인 (명),여,4957,4937,4939
"남구","대명10동",외국인 (명),소계,36,45,45
"남구","대명10동",외국인 (명),남,10,11,13
"남구","대명10동",외국인 (명),여,26,34,32
"남구","대명10동",세대당 인구 (명),소계,-,-,1.94
"남구","대명10동",65세이상고령자 (명),소계,1949,2060,2190
"남구","대명10동",평균연령 (세),소계,-,-,48.1
"남구","대명10동",인구밀도 (명/㎢),소계,-,-,18918
"남구","대명10동",면적 (㎢),소계,-,-,0.5
"남구","대명11동",세대수 (세대),소계,4428,4404,4445
"남구","대명11동",등록인구 (명),소계,9018,8740,8625
"남구","대명11동",등록인구 (명),남,4378,4186,4112
"남구","대명11동",등록인구 (명),여,4640,4554,4513
"남구","대명11동",한국인 (명),소계,8956,8669,8565
"남구","대명11동",한국인 (명),남,4360,4166,4096
"남구","대명11동",한국인 (명),여,4596,4503,4469
"남구","대명11동",외국인 (명),소계,62,71,60
"남구","대명11동",외국인 (명),남,18,20,16
"남구","대명11동",외국인 (명),여,44,51,44
"남구","대명11동",세대당 인구 (명),소계,-,-,1.93
"남구","대명11동",65세이상고령자 (명),소계,1947,2039,2176
"남구","대명11동",평균연령 (세),소계,-,-,49.8
"남구","대명11동",인구밀도 (명/㎢),소계,-,-,9914
"남구","대명11동",면적 (㎢),소계,-,-,0.87
"북구","소계",세대수 (세대),소계,174617,177162,180115
"북구","소계",등록인구 (명),소계,446201,444616,442943
"북구","소계",등록인구 (명),남,223004,221855,220655
"북구","소계",등록인구 (명),여,223197,222761,222288
"북구","소계",한국인 (명),소계,441375,439489,437710
"북구","소계",한국인 (명),남,220579,219307,218150
"북구","소계",한국인 (명),여,220796,220182,219560
"북구","소계",외국인 (명),소계,4826,5127,5233
"북구","소계",외국인 (명),남,2425,2548,2505
"북구","소계",외국인 (명),여,2401,2579,2728
"북구","소계",세대당 인구 (명),소계,-,-,2.43
"북구","소계",65세이상고령자 (명),소계,54257,56894,60120
"북구","소계",평균연령 (세),소계,-,-,41.7
"북구","소계",인구밀도 (명/㎢),소계,-,-,4713
"북구","소계",면적 (㎢),소계,-,-,93.98
"북구","고성동",세대수 (세대),소계,2551,2483,2126
"북구","고성동",등록인구 (명),소계,5236,5061,4237
"북구","고성동",등록인구 (명),남,2656,2547,2094
"북구","고성동",등록인구 (명),여,2580,2514,2143
"북구","고성동",한국인 (명),소계,5212,5036,4223
"북구","고성동",한국인 (명),남,2647,2538,2089
"북구","고성동",한국인 (명),여,2565,2498,2134
"북구","고성동",외국인 (명),소계,24,25,14
"북구","고성동",외국인 (명),남,9,9,5
"북구","고성동",외국인 (명),여,15,16,9
"북구","고성동",세대당 인구 (명),소계,-,-,1.99
"북구","고성동",65세이상고령자 (명),소계,1299,1297,1133
"북구","고성동",평균연령 (세),소계,-,-,50.3
"북구","고성동",인구밀도 (명/㎢),소계,-,-,7994
"북구","고성동",면적 (㎢),소계,-,-,0.53
"북구","칠성동",세대수 (세대),소계,9374,9833,9903
"북구","칠성동",등록인구 (명),소계,23071,23950,23756
"북구","칠성동",등록인구 (명),남,11238,11673,11493
"북구","칠성동",등록인구 (명),여,11833,12277,12263
"북구","칠성동",한국인 (명),소계,22955,23821,23630
"북구","칠성동",한국인 (명),남,11194,11624,11441
"북구","칠성동",한국인 (명),여,11761,12197,12189
"북구","칠성동",외국인 (명),소계,116,129,126
"북구","칠성동",외국인 (명),남,44,49,52
"북구","칠성동",외국인 (명),여,72,80,74
"북구","칠성동",세대당 인구 (명),소계,-,-,2.39
"북구","칠성동",65세이상고령자 (명),소계,3273,3392,3531
"북구","칠성동",평균연령 (세),소계,-,-,41.2
"북구","칠성동",인구밀도 (명/㎢),소계,-,-,17862
"북구","칠성동",면적 (㎢),소계,-,-,1.33
"북구","침산1동",세대수 (세대),소계,2106,2096,2079
"북구","침산1동",등록인구 (명),소계,4859,4703,4523
"북구","침산1동",등록인구 (명),남,2637,2554,2458
"북구","침산1동",등록인구 (명),여,2222,2149,2065
"북구","침산1동",한국인 (명),소계,4665,4504,4336
"북구","침산1동",한국인 (명),남,2490,2399,2310
"북구","침산1동",한국인 (명),여,2175,2105,2026
"북구","침산1동",외국인 (명),소계,194,199,187
"북구","침산1동",외국인 (명),남,147,155,148
"북구","침산1동",외국인 (명),여,47,44,39
"북구","침산1동",세대당 인구 (명),소계,-,-,2.09
"북구","침산1동",65세이상고령자 (명),소계,857,907,948
"북구","침산1동",평균연령 (세),소계,-,-,48.9
"북구","침산1동",인구밀도 (명/㎢),소계,-,-,3648
"북구","침산1동",면적 (㎢),소계,-,-,1.24
"북구","침산2동",세대수 (세대),소계,6858,7122,7120
"북구","침산2동",등록인구 (명),소계,19648,20092,19861
"북구","침산2동",등록인구 (명),남,9585,9768,9615
"북구","침산2동",등록인구 (명),여,10063,10324,10246
"북구","침산2동",한국인 (명),소계,19583,20021,19793
"북구","침산2동",한국인 (명),남,9564,9742,9590
"북구","침산2동",한국인 (명),여,10019,10279,10203
"북구","침산2동",외국인 (명),소계,65,71,68
"북구","침산2동",외국인 (명),남,21,26,25
"북구","침산2동",외국인 (명),여,44,45,43
"북구","침산2동",세대당 인구 (명),소계,-,-,2.78
"북구","침산2동",65세이상고령자 (명),소계,2102,2203,2282
"북구","침산2동",평균연령 (세),소계,-,-,38.6
"북구","침산2동",인구밀도 (명/㎢),소계,-,-,20062
"북구","침산2동",면적 (㎢),소계,-,-,0.99
"북구","침산3동",세대수 (세대),소계,7342,7491,7544
"북구","침산3동",등록인구 (명),소계,21147,21231,20988
"북구","침산3동",등록인구 (명),남,10290,10273,10156
"북구","침산3동",등록인구 (명),여,10857,10958,10832
"북구","침산3동",한국인 (명),소계,21064,21150,20901
"북구","침산3동",한국인 (명),남,10261,10245,10125
"북구","침산3동",한국인 (명),여,10803,10905,10776
"북구","침산3동",외국인 (명),소계,83,81,87
"북구","침산3동",외국인 (명),남,29,28,31
"북구","침산3동",외국인 (명),여,54,53,56
"북구","침산3동",세대당 인구 (명),소계,-,-,2.77
"북구","침산3동",65세이상고령자 (명),소계,2746,2880,3025
"북구","침산3동",평균연령 (세),소계,-,-,41.4
"북구","침산3동",인구밀도 (명/㎢),소계,-,-,19615
"북구","침산3동",면적 (㎢),소계,-,-,1.07
"북구","노원동",세대수 (세대),소계,6111,6416,6278
"북구","노원동",등록인구 (명),소계,13589,14079,13641
"북구","노원동",등록인구 (명),남,7272,7476,7224
"북구","노원동",등록인구 (명),여,6317,6603,6417
"북구","노원동",한국인 (명),소계,13083,13589,13185
"북구","노원동",한국인 (명),남,6867,7091,6870
"북구","노원동",한국인 (명),여,6216,6498,6315
"북구","노원동",외국인 (명),소계,506,490,456
"북구","노원동",외국인 (명),남,405,385,354
"북구","노원동",외국인 (명),여,101,105,102
"북구","노원동",세대당 인구 (명),소계,-,-,2.1
"북구","노원동",65세이상고령자 (명),소계,2410,2573,2639
"북구","노원동",평균연령 (세),소계,-,-,47
"북구","노원동",인구밀도 (명/㎢),소계,-,-,4415
"북구","노원동",면적 (㎢),소계,-,-,3.09
"북구","산격1동",세대수 (세대),소계,5334,5320,5289
"북구","산격1동",등록인구 (명),소계,10673,10277,9977
"북구","산격1동",등록인구 (명),남,5314,5127,4951
"북구","산격1동",등록인구 (명),여,5359,5150,5026
"북구","산격1동",한국인 (명),소계,10572,10194,9901
"북구","산격1동",한국인 (명),남,5270,5095,4924
"북구","산격1동",한국인 (명),여,5302,5099,4977
"북구","산격1동",외국인 (명),소계,101,83,76
"북구","산격1동",외국인 (명),남,44,32,27
"북구","산격1동",외국인 (명),여,57,51,49
"북구","산격1동",세대당 인구 (명),소계,-,-,1.87
"북구","산격1동",65세이상고령자 (명),소계,2551,2672,2779
"북구","산격1동",평균연령 (세),소계,-,-,51.5
"북구","산격1동",인구밀도 (명/㎢),소계,-,-,10964
"북구","산격1동",면적 (㎢),소계,-,-,0.91
"북구","산격2동",세대수 (세대),소계,4656,4673,4676
"북구","산격2동",등록인구 (명),소계,12160,11993,11662
"북구","산격2동",등록인구 (명),남,6077,5951,5772
"북구","산격2동",등록인구 (명),여,6083,6042,5890
"북구","산격2동",한국인 (명),소계,12068,11864,11571
"북구","산격2동",한국인 (명),남,6039,5891,5733
"북구","산격2동",한국인 (명),여,6029,5973,5838
"북구","산격2동",외국인 (명),소계,92,129,91
"북구","산격2동",외국인 (명),남,38,60,39
"북구","산격2동",외국인 (명),여,54,69,52
"북구","산격2동",세대당 인구 (명),소계,-,-,2.47
"북구","산격2동",65세이상고령자 (명),소계,1706,1834,1905
"북구","산격2동",평균연령 (세),소계,-,-,44.5
"북구","산격2동",인구밀도 (명/㎢),소계,-,-,5093
"북구","산격2동",면적 (㎢),소계,-,-,2.29
"북구","산격3동",세대수 (세대),소계,4978,5070,5320
"북구","산격3동",등록인구 (명),소계,9701,9800,9924
"북구","산격3동",등록인구 (명),남,4973,4983,5071
"북구","산격3동",등록인구 (명),여,4728,4817,4853
"북구","산격3동",한국인 (명),소계,8972,8828,8975
"북구","산격3동",한국인 (명),남,4619,4539,4635
"북구","산격3동",한국인 (명),여,4353,4289,4340
"북구","산격3동",외국인 (명),소계,729,972,949
"북구","산격3동",외국인 (명),남,354,444,436
"북구","산격3동",외국인 (명),여,375,528,513
"북구","산격3동",세대당 인구 (명),소계,-,-,1.69
"북구","산격3동",65세이상고령자 (명),소계,1522,1540,1632
"북구","산격3동",평균연령 (세),소계,-,-,43.9
"북구","산격3동",인구밀도 (명/㎢),소계,-,-,12405
"북구","산격3동",면적 (㎢),소계,-,-,0.8
"북구","산격4동",세대수 (세대),소계,4228,4317,4327
"북구","산격4동",등록인구 (명),소계,9216,9126,8923
"북구","산격4동",등록인구 (명),남,4759,4731,4670
"북구","산격4동",등록인구 (명),여,4457,4395,4253
"북구","산격4동",한국인 (명),소계,9102,9000,8767
"북구","산격4동",한국인 (명),남,4710,4675,4594
"북구","산격4동",한국인 (명),여,4392,4325,4173
"북구","산격4동",외국인 (명),소계,114,126,156
"북구","산격4동",외국인 (명),남,49,56,76
"북구","산격4동",외국인 (명),여,65,70,80
"북구","산격4동",세대당 인구 (명),소계,-,-,2.03
"북구","산격4동",65세이상고령자 (명),소계,1792,1878,1938
"북구","산격4동",평균연령 (세),소계,-,-,47.8
"북구","산격4동",인구밀도 (명/㎢),소계,-,-,12058
"북구","산격4동",면적 (㎢),소계,-,-,0.74
"북구","복현1동",세대수 (세대),소계,4025,4121,4300
"북구","복현1동",등록인구 (명),소계,7633,7712,7815
"북구","복현1동",등록인구 (명),남,4126,4147,4168
"북구","복현1동",등록인구 (명),여,3507,3565,3647
"북구","복현1동",한국인 (명),소계,7177,7202,7318
"북구","복현1동",한국인 (명),남,3914,3910,3955
"북구","복현1동",한국인 (명),여,3263,3292,3363
"북구","복현1동",외국인 (명),소계,456,510,497
"북구","복현1동",외국인 (명),남,212,237,213
"북구","복현1동",외국인 (명),여,244,273,284
"북구","복현1동",세대당 인구 (명),소계,-,-,1.7
"북구","복현1동",65세이상고령자 (명),소계,965,1013,1078
"북구","복현1동",평균연령 (세),소계,-,-,42.9
"북구","복현1동",인구밀도 (명/㎢),소계,-,-,20038
"북구","복현1동",면적 (㎢),소계,-,-,0.39
"북구","복현2동",세대수 (세대),소계,11127,10405,10390
"북구","복현2동",등록인구 (명),소계,30735,28934,28455
"북구","복현2동",등록인구 (명),남,15233,14351,14050
"북구","복현2동",등록인구 (명),여,15502,14583,14405
"북구","복현2동",한국인 (명),소계,30368,28534,28031
"북구","복현2동",한국인 (명),남,15056,14149,13852
"북구","복현2동",한국인 (명),여,15312,14385,14179
"북구","복현2동",외국인 (명),소계,367,400,424
"북구","복현2동",외국인 (명),남,177,202,198
"북구","복현2동",외국인 (명),여,190,198,226
"북구","복현2동",세대당 인구 (명),소계,-,-,2.7
"북구","복현2동",65세이상고령자 (명),소계,3270,3258,3444
"북구","복현2동",평균연령 (세),소계,-,-,41.1
"북구","복현2동",인구밀도 (명/㎢),소계,-,-,15298
"북구","복현2동",면적 (㎢),소계,-,-,1.86
"북구","대현동",세대수 (세대),소계,8894,8877,8974
"북구","대현동",등록인구 (명),소계,20196,19640,19578
"북구","대현동",등록인구 (명),남,10129,9861,9855
"북구","대현동",등록인구 (명),여,10067,9779,9723
"북구","대현동",한국인 (명),소계,19511,19051,18830
"북구","대현동",한국인 (명),남,9764,9529,9459
"북구","대현동",한국인 (명),여,9747,9522,9371
"북구","대현동",외국인 (명),소계,685,589,748
"북구","대현동",외국인 (명),남,365,332,396
"북구","대현동",외국인 (명),여,320,257,352
"북구","대현동",세대당 인구 (명),소계,-,-,2.1
"북구","대현동",65세이상고령자 (명),소계,3510,3658,3812
"북구","대현동",평균연령 (세),소계,-,-,45.1
"북구","대현동",인구밀도 (명/㎢),소계,-,-,16048
"북구","대현동",면적 (㎢),소계,-,-,1.22
"북구","검단동",세대수 (세대),소계,3228,3242,3212
"북구","검단동",등록인구 (명),소계,7882,7621,7366
"북구","검단동",등록인구 (명),남,4089,3937,3765
"북구","검단동",등록인구 (명),여,3793,3684,3601
"북구","검단동",한국인 (명),소계,7588,7365,7160
"북구","검단동",한국인 (명),남,3854,3733,3610
"북구","검단동",한국인 (명),여,3734,3632,3550
"북구","검단동",외국인 (명),소계,294,256,206
"북구","검단동",외국인 (명),남,235,204,155
"북구","검단동",외국인 (명),여,59,52,51
"북구","검단동",세대당 인구 (명),소계,-,-,2.23
"북구","검단동",65세이상고령자 (명),소계,1380,1456,1493
"북구","검단동",평균연령 (세),소계,-,-,47
"북구","검단동",인구밀도 (명/㎢),소계,-,-,1933
"북구","검단동",면적 (㎢),소계,-,-,3.81
"북구","무태조야동",세대수 (세대),소계,11227,11313,11758
"북구","무태조야동",등록인구 (명),소계,29204,28925,29221
"북구","무태조야동",등록인구 (명),남,14841,14754,14890
"북구","무태조야동",등록인구 (명),여,14363,14171,14331
"북구","무태조야동",한국인 (명),소계,29051,28750,29043
"북구","무태조야동",한국인 (명),남,14794,14702,14832
"북구","무태조야동",한국인 (명),여,14257,14048,14211
"북구","무태조야동",외국인 (명),소계,153,175,178
"북구","무태조야동",외국인 (명),남,47,52,58
"북구","무태조야동",외국인 (명),여,106,123,120
"북구","무태조야동",세대당 인구 (명),소계,-,-,2.47
"북구","무태조야동",65세이상고령자 (명),소계,3185,3391,3777
"북구","무태조야동",평균연령 (세),소계,-,-,40.8
"북구","무태조야동",인구밀도 (명/㎢),소계,-,-,1257
"북구","무태조야동",면적 (㎢),소계,-,-,23.24
"북구","관문동",세대수 (세대),소계,11836,12789,14856
"북구","관문동",등록인구 (명),소계,30098,32324,37885
"북구","관문동",등록인구 (명),남,14995,16054,18879
"북구","관문동",등록인구 (명),여,15103,16270,19006
"북구","관문동",한국인 (명),소계,29958,32157,37722
"북구","관문동",한국인 (명),남,14944,16000,18830
"북구","관문동",한국인 (명),여,15014,16157,18892
"북구","관문동",외국인 (명),소계,140,167,163
"북구","관문동",외국인 (명),남,51,54,49
"북구","관문동",외국인 (명),여,89,113,114
"북구","관문동",세대당 인구 (명),소계,-,-,2.54
"북구","관문동",65세이상고령자 (명),소계,3155,3474,4005
"북구","관문동",평균연령 (세),소계,-,-,39.2
"북구","관문동",인구밀도 (명/㎢),소계,-,-,2590
"북구","관문동",면적 (㎢),소계,-,-,14.63
"북구","태전1동",세대수 (세대),소계,9389,9527,9538
"북구","태전1동",등록인구 (명),소계,23534,23328,22686
"북구","태전1동",등록인구 (명),남,11851,11754,11427
"북구","태전1동",등록인구 (명),여,11683,11574,11259
"북구","태전1동",한국인 (명),소계,23415,23193,22533
"북구","태전1동",한국인 (명),남,11810,11697,11361
"북구","태전1동",한국인 (명),여,11605,11496,11172
"북구","태전1동",외국인 (명),소계,119,135,153
"북구","태전1동",외국인 (명),남,41,57,66
"북구","태전1동",외국인 (명),여,78,78,87
"북구","태전1동",세대당 인구 (명),소계,-,-,2.36
"북구","태전1동",65세이상고령자 (명),소계,2959,3090,3263
"북구","태전1동",평균연령 (세),소계,-,-,42.8
"북구","태전1동",인구밀도 (명/㎢),소계,-,-,8402
"북구","태전1동",면적 (㎢),소계,-,-,2.7
"북구","태전2동",세대수 (세대),소계,10136,10221,10333
"북구","태전2동",등록인구 (명),소계,26265,25907,25379
"북구","태전2동",등록인구 (명),남,12999,12713,12436
"북구","태전2동",등록인구 (명),여,13266,13194,12943
"북구","태전2동",한국인 (명),소계,26171,25816,25271
"북구","태전2동",한국인 (명),남,12966,12679,12395
"북구","태전2동",한국인 (명),여,13205,13137,12876
"북구","태전2동",외국인 (명),소계,94,91,108
"북구","태전2동",외국인 (명),남,33,34,41
"북구","태전2동",외국인 (명),여,61,57,67
"북구","태전2동",세대당 인구 (명),소계,-,-,2.45
"북구","태전2동",65세이상고령자 (명),소계,2970,3157,3413
"북구","태전2동",평균연령 (세),소계,-,-,42
"북구","태전2동",인구밀도 (명/㎢),소계,-,-,14842
"북구","태전2동",면적 (㎢),소계,-,-,1.71
"북구","구암동",세대수 (세대),소계,13300,13393,13446
"북구","구암동",등록인구 (명),소계,38765,38199,37452
"북구","구암동",등록인구 (명),남,19206,18887,18465
"북구","구암동",등록인구 (명),여,19559,19312,18987
"북구","구암동",한국인 (명),소계,38658,38079,37313
"북구","구암동",한국인 (명),남,19188,18864,18438
"북구","구암동",한국인 (명),여,19470,19215,18875
"북구","구암동",외국인 (명),소계,107,120,139
"북구","구암동",외국인 (명),남,18,23,27
"북구","구암동",외국인 (명),여,89,97,112
"북구","구암동",세대당 인구 (명),소계,-,-,2.78
"북구","구암동",65세이상고령자 (명),소계,2993,3121,3324
"북구","구암동",평균연령 (세),소계,-,-,39
"북구","구암동",인구밀도 (명/㎢),소계,-,-,8493
"북구","구암동",면적 (㎢),소계,-,-,4.41
"북구","관음동",세대수 (세대),소계,7518,7484,7393
"북구","관음동",등록인구 (명),소계,18908,18349,17668
"북구","관음동",등록인구 (명),남,9369,9124,8809
"북구","관음동",등록인구 (명),여,9539,9225,8859
"북구","관음동",한국인 (명),소계,18815,18263,17574
"북구","관음동",한국인 (명),남,9347,9104,8785
"북구","관음동",한국인 (명),여,9468,9159,8789
"북구","관음동",외국인 (명),소계,93,86,94
"북구","관음동",외국인 (명),남,22,20,24
"북구","관음동",외국인 (명),여,71,66,70
"북구","관음동",세대당 인구 (명),소계,-,-,2.38
"북구","관음동",65세이상고령자 (명),소계,2315,2441,2596
"북구","관음동",평균연령 (세),소계,-,-,43.6
"북구","관음동",인구밀도 (명/㎢),소계,-,-,5889
"북구","관음동",면적 (㎢),소계,-,-,3
"북구","읍내동",세대수 (세대),소계,10514,10939,11084
"북구","읍내동",등록인구 (명),소계,27401,27872,27546
"북구","읍내동",등록인구 (명),남,13622,13845,13694
"북구","읍내동",등록인구 (명),여,13779,14027,13852
"북구","읍내동",한국인 (명),소계,27282,27765,27429
"북구","읍내동",한국인 (명),남,13588,13814,13665
"북구","읍내동",한국인 (명),여,13694,13951,13764
"북구","읍내동",외국인 (명),소계,119,107,117
"북구","읍내동",외국인 (명),남,34,31,29
"북구","읍내동",외국인 (명),여,85,76,88
"북구","읍내동",세대당 인구 (명),소계,-,-,2.47
"북구","읍내동",65세이상고령자 (명),소계,3124,3327,3515
"북구","읍내동",평균연령 (세),소계,-,-,42.2
"북구","읍내동",인구밀도 (명/㎢),소계,-,-,4824
"북구","읍내동",면적 (㎢),소계,-,-,5.71
"북구","동천동",세대수 (세대),소계,10380,10440,10499
"북구","동천동",등록인구 (명),소계,30795,30385,29775
"북구","동천동",등록인구 (명),남,15038,14856,14521
"북구","동천동",등록인구 (명),여,15757,15529,15254
"북구","동천동",한국인 (명),소계,30711,30299,29698
"북구","동천동",한국인 (명),남,15019,14835,14503
"북구","동천동",한국인 (명),여,15692,15464,15195
"북구","동천동",외국인 (명),소계,84,86,77
"북구","동천동",외국인 (명),남,19,21,18
"북구","동천동",외국인 (명),여,65,65,59
"북구","동천동",세대당 인구 (명),소계,-,-,2.83
"북구","동천동",65세이상고령자 (명),소계,2054,2136,2315
"북구","동천동",평균연령 (세),소계,-,-,37.6
"북구","동천동",인구밀도 (명/㎢),소계,-,-,26585
"북구","동천동",면적 (㎢),소계,-,-,1.12
"북구","국우동",세대수 (세대),소계,9505,9590,9670
"북구","국우동",등록인구 (명),소계,25485,25108,24625
"북구","국우동",등록인구 (명),남,12705,12489,12192
"북구","국우동",등록인구 (명),여,12780,12619,12433
"북구","국우동",한국인 (명),소계,25394,25008,24506
"북구","국우동",한국인 (명),남,12674,12452,12154
"북구","국우동",한국인 (명),여,12720,12556,12352
"북구","국우동",외국인 (명),소계,91,100,119
"북구","국우동",외국인 (명),남,31,37,38
"북구","국우동",외국인 (명),여,60,63,81
"북구","국우동",세대당 인구 (명),소계,-,-,2.53
"북구","국우동",65세이상고령자 (명),소계,2119,2196,2273
"북구","국우동",평균연령 (세),소계,-,-,38.2
"북구","국우동",인구밀도 (명/㎢),소계,-,-,1433
"북구","국우동",면적 (㎢),소계,-,-,17.19
"수성구","소계",세대수 (세대),소계,164900,165843,167040
"수성구","소계",등록인구 (명),소계,440743,434399,430334
"수성구","소계",등록인구 (명),남,214592,211317,208740
"수성구","소계",등록인구 (명),여,226151,223082,221594
"수성구","소계",한국인 (명),소계,439211,432759,428614
"수성구","소계",한국인 (명),남,213939,210621,208024
"수성구","소계",한국인 (명),여,225272,222138,220590
"수성구","소계",외국인 (명),소계,1532,1640,1720
"수성구","소계",외국인 (명),남,653,696,716
"수성구","소계",외국인 (명),여,879,944,1004
"수성구","소계",세대당 인구 (명),소계,-,-,2.57
"수성구","소계",65세이상고령자 (명),소계,58905,61089,63474
"수성구","소계",평균연령 (세),소계,-,-,42.1
"수성구","소계",인구밀도 (명/㎢),소계,-,-,5622
"수성구","소계",면적 (㎢),소계,-,-,76.54
"수성구","범어1동",세대수 (세대),소계,6438,6098,6113
"수성구","범어1동",등록인구 (명),소계,18035,16966,16787
"수성구","범어1동",등록인구 (명),남,8683,8118,8024
"수성구","범어1동",등록인구 (명),여,9352,8848,8763
"수성구","범어1동",한국인 (명),소계,17983,16915,16733
"수성구","범어1동",한국인 (명),남,8661,8099,8003
"수성구","범어1동",한국인 (명),여,9322,8816,8730
"수성구","범어1동",외국인 (명),소계,52,51,54
"수성구","범어1동",외국인 (명),남,22,19,21
"수성구","범어1동",외국인 (명),여,30,32,33
"수성구","범어1동",세대당 인구 (명),소계,-,-,2.74
"수성구","범어1동",65세이상고령자 (명),소계,2433,2302,2417
"수성구","범어1동",평균연령 (세),소계,-,-,41.2
"수성구","범어1동",인구밀도 (명/㎢),소계,-,-,15544
"수성구","범어1동",면적 (㎢),소계,-,-,1.08
"수성구","범어2동",세대수 (세대),소계,6413,6760,6672
"수성구","범어2동",등록인구 (명),소계,16067,16288,15711
"수성구","범어2동",등록인구 (명),남,7849,7955,7652
"수성구","범어2동",등록인구 (명),여,8218,8333,8059
"수성구","범어2동",한국인 (명),소계,15957,16163,15568
"수성구","범어2동",한국인 (명),남,7794,7888,7588
"수성구","범어2동",한국인 (명),여,8163,8275,7980
"수성구","범어2동",외국인 (명),소계,110,125,143
"수성구","범어2동",외국인 (명),남,55,67,64
"수성구","범어2동",외국인 (명),여,55,58,79
"수성구","범어2동",세대당 인구 (명),소계,-,-,2.33
"수성구","범어2동",65세이상고령자 (명),소계,2027,2118,2115
"수성구","범어2동",평균연령 (세),소계,-,-,41.4
"수성구","범어2동",인구밀도 (명/㎢),소계,-,-,13904
"수성구","범어2동",면적 (㎢),소계,-,-,1.13
"수성구","범어3동",세대수 (세대),소계,5247,5250,5917
"수성구","범어3동",등록인구 (명),소계,14842,14657,16393
"수성구","범어3동",등록인구 (명),남,7116,6987,7834
"수성구","범어3동",등록인구 (명),여,7726,7670,8559
"수성구","범어3동",한국인 (명),소계,14782,14604,16330
"수성구","범어3동",한국인 (명),남,7095,6969,7809
"수성구","범어3동",한국인 (명),여,7687,7635,8521
"수성구","범어3동",외국인 (명),소계,60,53,63
"수성구","범어3동",외국인 (명),남,21,18,25
"수성구","범어3동",외국인 (명),여,39,35,38
"수성구","범어3동",세대당 인구 (명),소계,-,-,2.76
"수성구","범어3동",65세이상고령자 (명),소계,1443,1434,1548
"수성구","범어3동",평균연령 (세),소계,-,-,37.7
"수성구","범어3동",인구밀도 (명/㎢),소계,-,-,28264
"수성구","범어3동",면적 (㎢),소계,-,-,0.58
"수성구","범어4동",세대수 (세대),소계,5763,6080,6203
"수성구","범어4동",등록인구 (명),소계,17825,18843,19138
"수성구","범어4동",등록인구 (명),남,8784,9312,9388
"수성구","범어4동",등록인구 (명),여,9041,9531,9750
"수성구","범어4동",한국인 (명),소계,17797,18799,19090
"수성구","범어4동",한국인 (명),남,8774,9295,9368
"수성구","범어4동",한국인 (명),여,9023,9504,9722
"수성구","범어4동",외국인 (명),소계,28,44,48
"수성구","범어4동",외국인 (명),남,10,17,20
"수성구","범어4동",외국인 (명),여,18,27,28
"수성구","범어4동",세대당 인구 (명),소계,-,-,3.08
"수성구","범어4동",65세이상고령자 (명),소계,1712,1762,1825
"수성구","범어4동",평균연령 (세),소계,-,-,37.3
"수성구","범어4동",인구밀도 (명/㎢),소계,-,-,17720
"수성구","범어4동",면적 (㎢),소계,-,-,1.08
"수성구","만촌1동",세대수 (세대),소계,8793,8758,8840
"수성구","만촌1동",등록인구 (명),소계,24818,24132,23849
"수성구","만촌1동",등록인구 (명),남,12184,11827,11667
"수성구","만촌1동",등록인구 (명),여,12634,12305,12182
"수성구","만촌1동",한국인 (명),소계,24758,24076,23800
"수성구","만촌1동",한국인 (명),남,12157,11803,11648
"수성구","만촌1동",한국인 (명),여,12601,12273,12152
"수성구","만촌1동",외국인 (명),소계,60,56,49
"수성구","만촌1동",외국인 (명),남,27,24,19
"수성구","만촌1동",외국인 (명),여,33,32,30
"수성구","만촌1동",세대당 인구 (명),소계,-,-,2.69
"수성구","만촌1동",65세이상고령자 (명),소계,3476,3654,3843
"수성구","만촌1동",평균연령 (세),소계,-,-,42.5
"수성구","만촌1동",인구밀도 (명/㎢),소계,-,-,8281
"수성구","만촌1동",면적 (㎢),소계,-,-,2.88
"수성구","만촌2동",세대수 (세대),소계,5301,5361,5163
"수성구","만촌2동",등록인구 (명),소계,12927,12754,12025
"수성구","만촌2동",등록인구 (명),남,6490,6422,6073
"수성구","만촌2동",등록인구 (명),여,6437,6332,5952
"수성구","만촌2동",한국인 (명),소계,12856,12655,11909
"수성구","만촌2동",한국인 (명),남,6459,6384,6025
"수성구","만촌2동",한국인 (명),여,6397,6271,5884
"수성구","만촌2동",외국인 (명),소계,71,99,116
"수성구","만촌2동",외국인 (명),남,31,38,48
"수성구","만촌2동",외국인 (명),여,40,61,68
"수성구","만촌2동",세대당 인구 (명),소계,-,-,2.31
"수성구","만촌2동",65세이상고령자 (명),소계,1828,1903,1921
"수성구","만촌2동",평균연령 (세),소계,-,-,43.4
"수성구","만촌2동",인구밀도 (명/㎢),소계,-,-,7423
"수성구","만촌2동",면적 (㎢),소계,-,-,1.62
"수성구","만촌3동",세대수 (세대),소계,6696,6442,6668
"수성구","만촌3동",등록인구 (명),소계,20229,19239,19895
"수성구","만촌3동",등록인구 (명),남,10511,9997,10383
"수성구","만촌3동",등록인구 (명),여,9718,9242,9512
"수성구","만촌3동",한국인 (명),소계,20090,19043,19676
"수성구","만촌3동",한국인 (명),남,10443,9900,10269
"수성구","만촌3동",한국인 (명),여,9647,9143,9407
"수성구","만촌3동",외국인 (명),소계,139,196,219
"수성구","만촌3동",외국인 (명),남,68,97,114
"수성구","만촌3동",외국인 (명),여,71,99,105
"수성구","만촌3동",세대당 인구 (명),소계,-,-,2.95
"수성구","만촌3동",65세이상고령자 (명),소계,2147,2107,2153
"수성구","만촌3동",평균연령 (세),소계,-,-,39.2
"수성구","만촌3동",인구밀도 (명/㎢),소계,-,-,11177
"수성구","만촌3동",면적 (㎢),소계,-,-,1.78
"수성구","수성1가동",세대수 (세대),소계,7164,7186,7256
"수성구","수성1가동",등록인구 (명),소계,19634,19341,19154
"수성구","수성1가동",등록인구 (명),남,9232,9074,8917
"수성구","수성1가동",등록인구 (명),여,10402,10267,10237
"수성구","수성1가동",한국인 (명),소계,19600,19313,19112
"수성구","수성1가동",한국인 (명),남,9220,9064,8901
"수성구","수성1가동",한국인 (명),여,10380,10249,10211
"수성구","수성1가동",외국인 (명),소계,34,28,42
"수성구","수성1가동",외국인 (명),남,12,10,16
"수성구","수성1가동",외국인 (명),여,22,18,26
"수성구","수성1가동",세대당 인구 (명),소계,-,-,2.63
"수성구","수성1가동",65세이상고령자 (명),소계,3332,3454,3597
"수성구","수성1가동",평균연령 (세),소계,-,-,43.7
"수성구","수성1가동",인구밀도 (명/㎢),소계,-,-,33024
"수성구","수성1가동",면적 (㎢),소계,-,-,0.58
"수성구","수성2·3가동",세대수 (세대),소계,4727,4711,4709
"수성구","수성2·3가동",등록인구 (명),소계,12988,12709,12513
"수성구","수성2·3가동",등록인구 (명),남,6302,6164,6051
"수성구","수성2·3가동",등록인구 (명),여,6686,6545,6462
"수성구","수성2·3가동",한국인 (명),소계,12953,12673,12475
"수성구","수성2·3가동",한국인 (명),남,6292,6154,6040
"수성구","수성2·3가동",한국인 (명),여,6661,6519,6435
"수성구","수성2·3가동",외국인 (명),소계,35,36,38
"수성구","수성2·3가동",외국인 (명),남,10,10,11
"수성구","수성2·3가동",외국인 (명),여,25,26,27
"수성구","수성2·3가동",세대당 인구 (명),소계,-,-,2.65
"수성구","수성2·3가동",65세이상고령자 (명),소계,1732,1756,1811
"수성구","수성2·3가동",평균연령 (세),소계,-,-,40.6
"수성구","수성2·3가동",인구밀도 (명/㎢),소계,-,-,19251
"수성구","수성2·3가동",면적 (㎢),소계,-,-,0.65
"수성구","수성4가동",세대수 (세대),소계,6036,6041,6069
"수성구","수성4가동",등록인구 (명),소계,16468,16056,15809
"수성구","수성4가동",등록인구 (명),남,7760,7568,7431
"수성구","수성4가동",등록인구 (명),여,8708,8488,8378
"수성구","수성4가동",한국인 (명),소계,16413,16002,15753
"수성구","수성4가동",한국인 (명),남,7740,7548,7411
"수성구","수성4가동",한국인 (명),여,8673,8454,8342
"수성구","수성4가동",외국인 (명),소계,55,54,56
"수성구","수성4가동",외국인 (명),남,20,20,20
"수성구","수성4가동",외국인 (명),여,35,34,36
"수성구","수성4가동",세대당 인구 (명),소계,-,-,2.6
"수성구","수성4가동",65세이상고령자 (명),소계,2559,2672,2804
"수성구","수성4가동",평균연령 (세),소계,-,-,44.5
"수성구","수성4가동",인구밀도 (명/㎢),소계,-,-,25094
"수성구","수성4가동",면적 (㎢),소계,-,-,0.63
"수성구","황금1동",세대수 (세대),소계,7586,8320,8353
"수성구","황금1동",등록인구 (명),소계,23238,25051,24822
"수성구","황금1동",등록인구 (명),남,11145,12089,11979
"수성구","황금1동",등록인구 (명),여,12093,12962,12843
"수성구","황금1동",한국인 (명),소계,23201,25016,24790
"수성구","황금1동",한국인 (명),남,11124,12071,11959
"수성구","황금1동",한국인 (명),여,12077,12945,12831
"수성구","황금1동",외국인 (명),소계,37,35,32
"수성구","황금1동",외국인 (명),남,21,18,20
"수성구","황금1동",외국인 (명),여,16,17,12
"수성구","황금1동",세대당 인구 (명),소계,-,-,2.97
"수성구","황금1동",65세이상고령자 (명),소계,2320,2575,2678
"수성구","황금1동",평균연령 (세),소계,-,-,39.2
"수성구","황금1동",인구밀도 (명/㎢),소계,-,-,9228
"수성구","황금1동",면적 (㎢),소계,-,-,2.69
"수성구","황금2동",세대수 (세대),소계,5789,5874,5678
"수성구","황금2동",등록인구 (명),소계,12527,12293,11569
"수성구","황금2동",등록인구 (명),남,6039,5928,5554
"수성구","황금2동",등록인구 (명),여,6488,6365,6015
"수성구","황금2동",한국인 (명),소계,12455,12220,11485
"수성구","황금2동",한국인 (명),남,6011,5901,5521
"수성구","황금2동",한국인 (명),여,6444,6319,5964
"수성구","황금2동",외국인 (명),소계,72,73,84
"수성구","황금2동",외국인 (명),남,28,27,33
"수성구","황금2동",외국인 (명),여,44,46,51
"수성구","황금2동",세대당 인구 (명),소계,-,-,2.02
"수성구","황금2동",65세이상고령자 (명),소계,2009,2097,2023
"수성구","황금2동",평균연령 (세),소계,-,-,44.3
"수성구","황금2동",인구밀도 (명/㎢),소계,-,-,9973
"수성구","황금2동",면적 (㎢),소계,-,-,1.16
"수성구","중동",세대수 (세대),소계,5774,5554,5330
"수성구","중동",등록인구 (명),소계,11886,11133,10465
"수성구","중동",등록인구 (명),남,5936,5568,5192
"수성구","중동",등록인구 (명),여,5950,5565,5273
"수성구","중동",한국인 (명),소계,11810,11057,10388
"수성구","중동",한국인 (명),남,5909,5538,5161
"수성구","중동",한국인 (명),여,5901,5519,5227
"수성구","중동",외국인 (명),소계,76,76,77
"수성구","중동",외국인 (명),남,27,30,31
"수성구","중동",외국인 (명),여,49,46,46
"수성구","중동",세대당 인구 (명),소계,-,-,1.95
"수성구","중동",65세이상고령자 (명),소계,2324,2252,2180
"수성구","중동",평균연령 (세),소계,-,-,47
"수성구","중동",인구밀도 (명/㎢),소계,-,-,11500
"수성구","중동",면적 (㎢),소계,-,-,0.91
"수성구","상동",세대수 (세대),소계,7675,7717,7788
"수성구","상동",등록인구 (명),소계,17762,17401,17152
"수성구","상동",등록인구 (명),남,8562,8401,8304
"수성구","상동",등록인구 (명),여,9200,9000,8848
"수성구","상동",한국인 (명),소계,17652,17290,17055
"수성구","상동",한국인 (명),남,8517,8356,8264
"수성구","상동",한국인 (명),여,9135,8934,8791
"수성구","상동",외국인 (명),소계,110,111,97
"수성구","상동",외국인 (명),남,45,45,40
"수성구","상동",외국인 (명),여,65,66,57
"수성구","상동",세대당 인구 (명),소계,-,-,2.19
"수성구","상동",65세이상고령자 (명),소계,2983,3069,3275
"수성구","상동",평균연령 (세),소계,-,-,45.2
"수성구","상동",인구밀도 (명/㎢),소계,-,-,12896
"수성구","상동",면적 (㎢),소계,-,-,1.33
"수성구","파동",세대수 (세대),소계,6302,6202,5812
"수성구","파동",등록인구 (명),소계,15315,14892,13866
"수성구","파동",등록인구 (명),남,7487,7265,6744
"수성구","파동",등록인구 (명),여,7828,7627,7122
"수성구","파동",한국인 (명),소계,15288,14867,13845
"수성구","파동",한국인 (명),남,7482,7260,6740
"수성구","파동",한국인 (명),여,7806,7607,7105
"수성구","파동",외국인 (명),소계,27,25,21
"수성구","파동",외국인 (명),남,5,5,4
"수성구","파동",외국인 (명),여,22,20,17
"수성구","파동",세대당 인구 (명),소계,-,-,2.38
"수성구","파동",65세이상고령자 (명),소계,3016,3077,2924
"수성구","파동",평균연령 (세),소계,-,-,45.7
"수성구","파동",인구밀도 (명/㎢),소계,-,-,2382
"수성구","파동",면적 (㎢),소계,-,-,5.82
"수성구","두산동",세대수 (세대),소계,6408,6474,6573
"수성구","두산동",등록인구 (명),소계,14683,14435,14363
"수성구","두산동",등록인구 (명),남,7210,7058,6999
"수성구","두산동",등록인구 (명),여,7473,7377,7364
"수성구","두산동",한국인 (명),소계,14573,14327,14240
"수성구","두산동",한국인 (명),남,7158,7014,6945
"수성구","두산동",한국인 (명),여,7415,7313,7295
"수성구","두산동",외국인 (명),소계,110,108,123
"수성구","두산동",외국인 (명),남,52,44,54
"수성구","두산동",외국인 (명),여,58,64,69
"수성구","두산동",세대당 인구 (명),소계,-,-,2.17
"수성구","두산동",65세이상고령자 (명),소계,1651,1721,1804
"수성구","두산동",평균연령 (세),소계,-,-,42.2
"수성구","두산동",인구밀도 (명/㎢),소계,-,-,7291
"수성구","두산동",면적 (㎢),소계,-,-,1.97
"수성구","지산1동",세대수 (세대),소계,10187,10291,10487
"수성구","지산1동",등록인구 (명),소계,24085,23625,23312
"수성구","지산1동",등록인구 (명),남,11656,11383,11099
"수성구","지산1동",등록인구 (명),여,12429,12242,12213
"수성구","지산1동",한국인 (명),소계,23988,23521,23198
"수성구","지산1동",한국인 (명),남,11620,11347,11064
"수성구","지산1동",한국인 (명),여,12368,12174,12134
"수성구","지산1동",외국인 (명),소계,97,104,114
"수성구","지산1동",외국인 (명),남,36,36,35
"수성구","지산1동",외국인 (명),여,61,68,79
"수성구","지산1동",세대당 인구 (명),소계,-,-,2.21
"수성구","지산1동",65세이상고령자 (명),소계,3901,4112,4399
"수성구","지산1동",평균연령 (세),소계,-,-,45.4
"수성구","지산1동",인구밀도 (명/㎢),소계,-,-,8830
"수성구","지산1동",면적 (㎢),소계,-,-,2.64
"수성구","지산2동",세대수 (세대),소계,8362,8327,7961
"수성구","지산2동",등록인구 (명),소계,21793,21196,19866
"수성구","지산2동",등록인구 (명),남,10371,10079,9441
"수성구","지산2동",등록인구 (명),여,11422,11117,10425
"수성구","지산2동",한국인 (명),소계,21733,21138,19816
"수성구","지산2동",한국인 (명),남,10342,10051,9423
"수성구","지산2동",한국인 (명),여,11391,11087,10393
"수성구","지산2동",외국인 (명),소계,60,58,50
"수성구","지산2동",외국인 (명),남,29,28,18
"수성구","지산2동",외국인 (명),여,31,30,32
"수성구","지산2동",세대당 인구 (명),소계,-,-,2.49
"수성구","지산2동",65세이상고령자 (명),소계,3132,3289,3415
"수성구","지산2동",평균연령 (세),소계,-,-,44.4
"수성구","지산2동",인구밀도 (명/㎢),소계,-,-,10084
"수성구","지산2동",면적 (㎢),소계,-,-,1.97
"수성구","범물1동",세대수 (세대),소계,5936,5907,5914
"수성구","범물1동",등록인구 (명),소계,12812,12427,12108
"수성구","범물1동",등록인구 (명),남,5956,5703,5541
"수성구","범물1동",등록인구 (명),여,6856,6724,6567
"수성구","범물1동",한국인 (명),소계,12764,12384,12073
"수성구","범물1동",한국인 (명),남,5936,5685,5526
"수성구","범물1동",한국인 (명),여,6828,6699,6547
"수성구","범물1동",외국인 (명),소계,48,43,35
"수성구","범물1동",외국인 (명),남,20,18,15
"수성구","범물1동",외국인 (명),여,28,25,20
"수성구","범물1동",세대당 인구 (명),소계,-,-,2.04
"수성구","범물1동",65세이상고령자 (명),소계,2859,3037,3218
"수성구","범물1동",평균연령 (세),소계,-,-,50.4
"수성구","범물1동",인구밀도 (명/㎢),소계,-,-,2226
"수성구","범물1동",면적 (㎢),소계,-,-,5.44
"수성구","범물2동",세대수 (세대),소계,5883,5910,5932
"수성구","범물2동",등록인구 (명),소계,16648,16345,16120
"수성구","범물2동",등록인구 (명),남,8136,8001,7841
"수성구","범물2동",등록인구 (명),여,8512,8344,8279
"수성구","범물2동",한국인 (명),소계,16624,16318,16093
"수성구","범물2동",한국인 (명),남,8129,7987,7829
"수성구","범물2동",한국인 (명),여,8495,8331,8264
"수성구","범물2동",외국인 (명),소계,24,27,27
"수성구","범물2동",외국인 (명),남,7,14,12
"수성구","범물2동",외국인 (명),여,17,13,15
"수성구","범물2동",세대당 인구 (명),소계,-,-,2.71
"수성구","범물2동",65세이상고령자 (명),소계,2020,2157,2279
"수성구","범물2동",평균연령 (세),소계,-,-,42.5
"수성구","범물2동",인구밀도 (명/㎢),소계,-,-,6918
"수성구","범물2동",면적 (㎢),소계,-,-,2.33
"수성구","고산1동",세대수 (세대),소계,11080,11009,11036
"수성구","고산1동",등록인구 (명),소계,33794,32997,32341
"수성구","고산1동",등록인구 (명),남,16460,16096,15701
"수성구","고산1동",등록인구 (명),여,17334,16901,16640
"수성구","고산1동",한국인 (명),소계,33722,32915,32264
"수성구","고산1동",한국인 (명),남,16422,16056,15668
"수성구","고산1동",한국인 (명),여,17300,16859,16596
"수성구","고산1동",외국인 (명),소계,72,82,77
"수성구","고산1동",외국인 (명),남,38,40,33
"수성구","고산1동",외국인 (명),여,34,42,44
"수성구","고산1동",세대당 인구 (명),소계,-,-,2.92
"수성구","고산1동",65세이상고령자 (명),소계,3099,3237,3441
"수성구","고산1동",평균연령 (세),소계,-,-,39.8
"수성구","고산1동",인구밀도 (명/㎢),소계,-,-,3679
"수성구","고산1동",면적 (㎢),소계,-,-,8.79
"수성구","고산2동",세대수 (세대),소계,9323,9414,10114
"수성구","고산2동",등록인구 (명),소계,26878,26534,28085
"수성구","고산2동",등록인구 (명),남,13444,13218,13956
"수성구","고산2동",등록인구 (명),여,13434,13316,14129
"수성구","고산2동",한국인 (명),소계,26812,26463,28024
"수성구","고산2동",한국인 (명),남,13412,13186,13930
"수성구","고산2동",한국인 (명),여,13400,13277,14094
"수성구","고산2동",외국인 (명),소계,66,71,61
"수성구","고산2동",외국인 (명),남,32,32,26
"수성구","고산2동",외국인 (명),여,34,39,35
"수성구","고산2동",세대당 인구 (명),소계,-,-,2.77
"수성구","고산2동",65세이상고령자 (명),소계,3314,3488,3753
"수성구","고산2동",평균연령 (세),소계,-,-,41.6
"수성구","고산2동",인구밀도 (명/㎢),소계,-,-,1148
"수성구","고산2동",면적 (㎢),소계,-,-,24.47
"수성구","고산3동",세대수 (세대),소계,12017,12157,12452
"수성구","고산3동",등록인구 (명),소계,35489,35085,34991
"수성구","고산3동",등록인구 (명),남,17279,17104,16969
"수성구","고산3동",등록인구 (명),여,18210,17981,18022
"수성구","고산3동",한국인 (명),소계,35400,35000,34897
"수성구","고산3동",한국인 (명),남,17242,17065,16932
"수성구","고산3동",한국인 (명),여,18158,17935,17965
"수성구","고산3동",외국인 (명),소계,89,85,94
"수성구","고산3동",외국인 (명),남,37,39,37
"수성구","고산3동",외국인 (명),여,52,46,57
"수성구","고산3동",세대당 인구 (명),소계,-,-,2.8
"수성구","고산3동",65세이상고령자 (명),소계,3588,3816,4051
"수성구","고산3동",평균연령 (세),소계,-,-,40.5
"수성구","고산3동",인구밀도 (명/㎢),소계,-,-,6984
"수성구","고산3동",면적 (㎢),소계,-,-,5.01
"달서구","소계",세대수 (세대),소계,224583,227966,231978
"달서구","소계",등록인구 (명),소계,586532,582422,579352
"달서구","소계",등록인구 (명),남,292069,289596,287509
"달서구","소계",등록인구 (명),여,294463,292826,291843
"달서구","소계",한국인 (명),소계,578068,573413,568887
"달서구","소계",한국인 (명),남,286779,284127,281348
"달서구","소계",한국인 (명),여,291289,289286,287539
"달서구","소계",외국인 (명),소계,8464,9009,10465
"달서구","소계",외국인 (명),남,5290,5469,6161
"달서구","소계",외국인 (명),여,3174,3540,4304
"달서구","소계",세대당 인구 (명),소계,-,-,2.45
"달서구","소계",65세이상고령자 (명),소계,67033,70983,75775
"달서구","소계",평균연령 (세),소계,-,-,41.9
"달서구","소계",인구밀도 (명/㎢),소계,-,-,9293
"달서구","소계",면적 (㎢),소계,-,-,62.34
"달서구","성당동",세대수 (세대),소계,10771,10809,10954
"달서구","성당동",등록인구 (명),소계,25539,25162,24863
"달서구","성당동",등록인구 (명),남,12440,12282,12111
"달서구","성당동",등록인구 (명),여,13099,12880,12752
"달서구","성당동",한국인 (명),소계,25409,25032,24727
"달서구","성당동",한국인 (명),남,12400,12239,12067
"달서구","성당동",한국인 (명),여,13009,12793,12660
"달서구","성당동",외국인 (명),소계,130,130,136
"달서구","성당동",외국인 (명),남,40,43,44
"달서구","성당동",외국인 (명),여,90,87,92
"달서구","성당동",세대당 인구 (명),소계,-,-,2.26
"달서구","성당동",65세이상고령자 (명),소계,3853,4080,4352
"달서구","성당동",평균연령 (세),소계,-,-,44.1
"달서구","성당동",인구밀도 (명/㎢),소계,-,-,12494
"달서구","성당동",면적 (㎢),소계,-,-,1.99
"달서구","두류1·2동",세대수 (세대),소계,8526,8569,8492
"달서구","두류1·2동",등록인구 (명),소계,16844,16359,15781
"달서구","두류1·2동",등록인구 (명),남,8286,7975,7676
"달서구","두류1·2동",등록인구 (명),여,8558,8384,8105
"달서구","두류1·2동",한국인 (명),소계,16716,16225,15639
"달서구","두류1·2동",한국인 (명),남,8246,7933,7632
"달서구","두류1·2동",한국인 (명),여,8470,8292,8007
"달서구","두류1·2동",외국인 (명),소계,128,134,142
"달서구","두류1·2동",외국인 (명),남,40,42,44
"달서구","두류1·2동",외국인 (명),여,88,92,98
"달서구","두류1·2동",세대당 인구 (명),소계,-,-,1.84
"달서구","두류1·2동",65세이상고령자 (명),소계,3202,3207,3284
"달서구","두류1·2동",평균연령 (세),소계,-,-,47
"달서구","두류1·2동",인구밀도 (명/㎢),소계,-,-,11865
"달서구","두류1·2동",면적 (㎢),소계,-,-,1.33
"달서구","두류3동",세대수 (세대),소계,4400,4416,4234
"달서구","두류3동",등록인구 (명),소계,10045,9761,9169
"달서구","두류3동",등록인구 (명),남,4881,4717,4441
"달서구","두류3동",등록인구 (명),여,5164,5044,4728
"달서구","두류3동",한국인 (명),소계,9979,9698,9112
"달서구","두류3동",한국인 (명),남,4851,4687,4419
"달서구","두류3동",한국인 (명),여,5128,5011,4693
"달서구","두류3동",외국인 (명),소계,66,63,57
"달서구","두류3동",외국인 (명),남,30,30,22
"달서구","두류3동",외국인 (명),여,36,33,35
"달서구","두류3동",세대당 인구 (명),소계,-,-,2.15
"달서구","두류3동",65세이상고령자 (명),소계,1880,2003,1994
"달서구","두류3동",평균연령 (세),소계,-,-,46.7
"달서구","두류3동",인구밀도 (명/㎢),소계,-,-,8260
"달서구","두류3동",면적 (㎢),소계,-,-,1.11
"달서구","본리동",세대수 (세대),소계,8608,8624,8657
"달서구","본리동",등록인구 (명),소계,23140,22831,22634
"달서구","본리동",등록인구 (명),남,11566,11353,11235
"달서구","본리동",등록인구 (명),여,11574,11478,11399
"달서구","본리동",한국인 (명),소계,22834,22546,22238
"달서구","본리동",한국인 (명),남,11439,11236,11047
"달서구","본리동",한국인 (명),여,11395,11310,11191
"달서구","본리동",외국인 (명),소계,306,285,396
"달서구","본리동",외국인 (명),남,127,117,188
"달서구","본리동",외국인 (명),여,179,168,208
"달서구","본리동",세대당 인구 (명),소계,-,-,2.57
"달서구","본리동",65세이상고령자 (명),소계,2147,2264,2444
"달서구","본리동",평균연령 (세),소계,-,-,40.4
"달서구","본리동",인구밀도 (명/㎢),소계,-,-,20765
"달서구","본리동",면적 (㎢),소계,-,-,1.09
"달서구","감삼동",세대수 (세대),소계,11190,11275,11537
"달서구","감삼동",등록인구 (명),소계,28510,28144,28069
"달서구","감삼동",등록인구 (명),남,14041,13885,13767
"달서구","감삼동",등록인구 (명),여,14469,14259,14302
"달서구","감삼동",한국인 (명),소계,28377,28016,27933
"달서구","감삼동",한국인 (명),남,14003,13847,13725
"달서구","감삼동",한국인 (명),여,14374,14169,14208
"달서구","감삼동",외국인 (명),소계,133,128,136
"달서구","감삼동",외국인 (명),남,38,38,42
"달서구","감삼동",외국인 (명),여,95,90,94
"달서구","감삼동",세대당 인구 (명),소계,-,-,2.42
"달서구","감삼동",65세이상고령자 (명),소계,2999,3169,3440
"달서구","감삼동",평균연령 (세),소계,-,-,41.5
"달서구","감삼동",인구밀도 (명/㎢),소계,-,-,23787
"달서구","감삼동",면적 (㎢),소계,-,-,1.18
"달서구","죽전동",세대수 (세대),소계,6884,7027,7030
"달서구","죽전동",등록인구 (명),소계,15676,15553,15062
"달서구","죽전동",등록인구 (명),남,7834,7767,7503
"달서구","죽전동",등록인구 (명),여,7842,7786,7559
"달서구","죽전동",한국인 (명),소계,15512,15376,14883
"달서구","죽전동",한국인 (명),남,7742,7671,7410
"달서구","죽전동",한국인 (명),여,7770,7705,7473
"달서구","죽전동",외국인 (명),소계,164,177,179
"달서구","죽전동",외국인 (명),남,92,96,93
"달서구","죽전동",외국인 (명),여,72,81,86
"달서구","죽전동",세대당 인구 (명),소계,-,-,2.12
"달서구","죽전동",65세이상고령자 (명),소계,1919,2047,2143
"달서구","죽전동",평균연령 (세),소계,-,-,44
"달서구","죽전동",인구밀도 (명/㎢),소계,-,-,20354
"달서구","죽전동",면적 (㎢),소계,-,-,0.74
"달서구","장기동",세대수 (세대),소계,6526,6554,7067
"달서구","장기동",등록인구 (명),소계,17703,17355,18242
"달서구","장기동",등록인구 (명),남,8858,8683,9153
"달서구","장기동",등록인구 (명),여,8845,8672,9089
"달서구","장기동",한국인 (명),소계,17302,16959,17776
"달서구","장기동",한국인 (명),남,8523,8359,8780
"달서구","장기동",한국인 (명),여,8779,8600,8996
"달서구","장기동",외국인 (명),소계,401,396,466
"달서구","장기동",외국인 (명),남,335,324,373
"달서구","장기동",외국인 (명),여,66,72,93
"달서구","장기동",세대당 인구 (명),소계,-,-,2.52
"달서구","장기동",65세이상고령자 (명),소계,1824,1950,2140
"달서구","장기동",평균연령 (세),소계,-,-,41.1
"달서구","장기동",인구밀도 (명/㎢),소계,-,-,5866
"달서구","장기동",면적 (㎢),소계,-,-,3.11
"달서구","용산1동",세대수 (세대),소계,11986,12137,12222
"달서구","용산1동",등록인구 (명),소계,33595,33225,32544
"달서구","용산1동",등록인구 (명),남,16905,16671,16361
"달서구","용산1동",등록인구 (명),여,16690,16554,16183
"달서구","용산1동",한국인 (명),소계,33453,33073,32381
"달서구","용산1동",한국인 (명),남,16852,16614,16297
"달서구","용산1동",한국인 (명),여,16601,16459,16084
"달서구","용산1동",외국인 (명),소계,142,152,163
"달서구","용산1동",외국인 (명),남,53,57,64
"달서구","용산1동",외국인 (명),여,89,95,99
"달서구","용산1동",세대당 인구 (명),소계,-,-,2.65
"달서구","용산1동",65세이상고령자 (명),소계,2896,3085,3231
"달서구","용산1동",평균연령 (세),소계,-,-,40.4
"달서구","용산1동",인구밀도 (명/㎢),소계,-,-,25228
"달서구","용산1동",면적 (㎢),소계,-,-,1.29
"달서구","용산2동",세대수 (세대),소계,10981,11127,11265
"달서구","용산2동",등록인구 (명),소계,31375,30933,30413
"달서구","용산2동",등록인구 (명),남,15771,15563,15309
"달서구","용산2동",등록인구 (명),여,15604,15370,15104
"달서구","용산2동",한국인 (명),소계,31193,30724,30190
"달서구","용산2동",한국인 (명),남,15689,15460,15193
"달서구","용산2동",한국인 (명),여,15504,15264,14997
"달서구","용산2동",외국인 (명),소계,182,209,223
"달서구","용산2동",외국인 (명),남,82,103,116
"달서구","용산2동",외국인 (명),여,100,106,107
"달서구","용산2동",세대당 인구 (명),소계,-,-,2.68
"달서구","용산2동",65세이상고령자 (명),소계,2553,2774,3002
"달서구","용산2동",평균연령 (세),소계,-,-,40.9
"달서구","용산2동",인구밀도 (명/㎢),소계,-,-,23040
"달서구","용산2동",면적 (㎢),소계,-,-,1.32
"달서구","이곡1동",세대수 (세대),소계,8919,9027,9132
"달서구","이곡1동",등록인구 (명),소계,25369,24988,24579
"달서구","이곡1동",등록인구 (명),남,12903,12696,12479
"달서구","이곡1동",등록인구 (명),여,12466,12292,12100
"달서구","이곡1동",한국인 (명),소계,24843,24437,24037
"달서구","이곡1동",한국인 (명),남,12555,12330,12115
"달서구","이곡1동",한국인 (명),여,12288,12107,11922
"달서구","이곡1동",외국인 (명),소계,526,551,542
"달서구","이곡1동",외국인 (명),남,348,366,364
"달서구","이곡1동",외국인 (명),여,178,185,178
"달서구","이곡1동",세대당 인구 (명),소계,-,-,2.63
"달서구","이곡1동",65세이상고령자 (명),소계,2052,2120,2344
"달서구","이곡1동",평균연령 (세),소계,-,-,40.7
"달서구","이곡1동",인구밀도 (명/㎢),소계,-,-,13505
"달서구","이곡1동",면적 (㎢),소계,-,-,1.82
"달서구","이곡2동",세대수 (세대),소계,6586,6664,6704
"달서구","이곡2동",등록인구 (명),소계,17863,17703,17254
"달서구","이곡2동",등록인구 (명),남,9114,9004,8764
"달서구","이곡2동",등록인구 (명),여,8749,8699,8490
"달서구","이곡2동",한국인 (명),소계,17473,17277,16831
"달서구","이곡2동",한국인 (명),남,8855,8723,8495
"달서구","이곡2동",한국인 (명),여,8618,8554,8336
"달서구","이곡2동",외국인 (명),소계,390,426,423
"달서구","이곡2동",외국인 (명),남,259,281,269
"달서구","이곡2동",외국인 (명),여,131,145,154
"달서구","이곡2동",세대당 인구 (명),소계,-,-,2.51
"달서구","이곡2동",65세이상고령자 (명),소계,1691,1847,1971
"달서구","이곡2동",평균연령 (세),소계,-,-,42.8
"달서구","이곡2동",인구밀도 (명/㎢),소계,-,-,8458
"달서구","이곡2동",면적 (㎢),소계,-,-,2.04
"달서구","신당동",세대수 (세대),소계,15768,15904,16061
"달서구","신당동",등록인구 (명),소계,36695,36392,36101
"달서구","신당동",등록인구 (명),남,19252,19052,18786
"달서구","신당동",등록인구 (명),여,17443,17340,17315
"달서구","신당동",한국인 (명),소계,33369,32671,31899
"달서구","신당동",한국인 (명),남,17125,16771,16330
"달서구","신당동",한국인 (명),여,16244,15900,15569
"달서구","신당동",외국인 (명),소계,3326,3721,4202
"달서구","신당동",외국인 (명),남,2127,2281,2456
"달서구","신당동",외국인 (명),여,1199,1440,1746
"달서구","신당동",세대당 인구 (명),소계,-,-,1.99
"달서구","신당동",65세이상고령자 (명),소계,3505,3686,3992
"달서구","신당동",평균연령 (세),소계,-,-,42.3
"달서구","신당동",인구밀도 (명/㎢),소계,-,-,3869
"달서구","신당동",면적 (㎢),소계,-,-,9.33
"달서구","월성1동",세대수 (세대),소계,13612,13590,13668
"달서구","월성1동",등록인구 (명),소계,45289,44841,44558
"달서구","월성1동",등록인구 (명),남,22351,22080,21866
"달서구","월성1동",등록인구 (명),여,22938,22761,22692
"달서구","월성1동",한국인 (명),소계,45046,44641,44400
"달서구","월성1동",한국인 (명),남,22164,21930,21760
"달서구","월성1동",한국인 (명),여,22882,22711,22640
"달서구","월성1동",외국인 (명),소계,243,200,158
"달서구","월성1동",외국인 (명),남,187,150,106
"달서구","월성1동",외국인 (명),여,56,50,52
"달서구","월성1동",세대당 인구 (명),소계,-,-,3.25
"달서구","월성1동",65세이상고령자 (명),소계,2802,2878,3008
"달서구","월성1동",평균연령 (세),소계,-,-,35.3
"달서구","월성1동",인구밀도 (명/㎢),소계,-,-,17338
"달서구","월성1동",면적 (㎢),소계,-,-,2.57
"달서구","월성2동",세대수 (세대),소계,8468,8498,8497
"달서구","월성2동",등록인구 (명),소계,19293,18654,18042
"달서구","월성2동",등록인구 (명),남,9881,9498,9147
"달서구","월성2동",등록인구 (명),여,9412,9156,8895
"달서구","월성2동",한국인 (명),소계,18026,17522,16954
"달서구","월성2동",한국인 (명),남,8774,8492,8171
"달서구","월성2동",한국인 (명),여,9252,9030,8783
"달서구","월성2동",외국인 (명),소계,1267,1132,1088
"달서구","월성2동",외국인 (명),남,1107,1006,976
"달서구","월성2동",외국인 (명),여,160,126,112
"달서구","월성2동",세대당 인구 (명),소계,-,-,2
"달서구","월성2동",65세이상고령자 (명),소계,4075,4254,4410
"달서구","월성2동",평균연령 (세),소계,-,-,49.4
"달서구","월성2동",인구밀도 (명/㎢),소계,-,-,2864
"달서구","월성2동",면적 (㎢),소계,-,-,6.3
"달서구","진천동",세대수 (세대),소계,23770,25786,28208
"달서구","진천동",등록인구 (명),소계,68559,73478,77962
"달서구","진천동",등록인구 (명),남,33981,36379,38412
"달서구","진천동",등록인구 (명),여,34578,37099,39550
"달서구","진천동",한국인 (명),소계,68207,73138,77603
"달서구","진천동",한국인 (명),남,33812,36218,38256
"달서구","진천동",한국인 (명),여,34395,36920,39347
"달서구","진천동",외국인 (명),소계,352,340,359
"달서구","진천동",외국인 (명),남,169,161,156
"달서구","진천동",외국인 (명),여,183,179,203
"달서구","진천동",세대당 인구 (명),소계,-,-,2.75
"달서구","진천동",65세이상고령자 (명),소계,6405,7040,8002
"달서구","진천동",평균연령 (세),소계,-,-,38.5
"달서구","진천동",인구밀도 (명/㎢),소계,-,-,13059
"달서구","진천동",면적 (㎢),소계,-,-,5.97
"달서구","상인1동",세대수 (세대),소계,13871,13954,14002
"달서구","상인1동",등록인구 (명),소계,42008,41149,40486
"달서구","상인1동",등록인구 (명),남,20734,20254,19848
"달서구","상인1동",등록인구 (명),여,21274,20895,20638
"달서구","상인1동",한국인 (명),소계,41924,41061,40396
"달서구","상인1동",한국인 (명),남,20698,20222,19818
"달서구","상인1동",한국인 (명),여,21226,20839,20578
"달서구","상인1동",외국인 (명),소계,84,88,90
"달서구","상인1동",외국인 (명),남,36,32,30
"달서구","상인1동",외국인 (명),여,48,56,60
"달서구","상인1동",세대당 인구 (명),소계,-,-,2.89
"달서구","상인1동",65세이상고령자 (명),소계,4483,4714,4968
"달서구","상인1동",평균연령 (세),소계,-,-,41
"달서구","상인1동",인구밀도 (명/㎢),소계,-,-,29127
"달서구","상인1동",면적 (㎢),소계,-,-,1.39
"달서구","상인2동",세대수 (세대),소계,8549,8668,9029
"달서구","상인2동",등록인구 (명),소계,20819,20259,20345
"달서구","상인2동",등록인구 (명),남,10325,10083,10099
"달서구","상인2동",등록인구 (명),여,10494,10176,10246
"달서구","상인2동",한국인 (명),소계,20726,20148,20217
"달서구","상인2동",한국인 (명),남,10286,10034,10053
"달서구","상인2동",한국인 (명),여,10440,10114,10164
"달서구","상인2동",외국인 (명),소계,93,111,128
"달서구","상인2동",외국인 (명),남,39,49,46
"달서구","상인2동",외국인 (명),여,54,62,82
"달서구","상인2동",세대당 인구 (명),소계,-,-,2.24
"달서구","상인2동",65세이상고령자 (명),소계,2596,2747,2912
"달서구","상인2동",평균연령 (세),소계,-,-,43.5
"달서구","상인2동",인구밀도 (명/㎢),소계,-,-,22606
"달서구","상인2동",면적 (㎢),소계,-,-,0.9
"달서구","상인3동",세대수 (세대),소계,6197,6140,6117
"달서구","상인3동",등록인구 (명),소계,12715,12282,11900
"달서구","상인3동",등록인구 (명),남,6101,5917,5736
"달서구","상인3동",등록인구 (명),여,6614,6365,6164
"달서구","상인3동",한국인 (명),소계,12648,12218,11824
"달서구","상인3동",한국인 (명),남,6078,5898,5711
"달서구","상인3동",한국인 (명),여,6570,6320,6113
"달서구","상인3동",외국인 (명),소계,67,64,76
"달서구","상인3동",외국인 (명),남,23,19,25
"달서구","상인3동",외국인 (명),여,44,45,51
"달서구","상인3동",세대당 인구 (명),소계,-,-,1.93
"달서구","상인3동",65세이상고령자 (명),소계,2572,2762,2917
"달서구","상인3동",평균연령 (세),소계,-,-,50.1
"달서구","상인3동",인구밀도 (명/㎢),소계,-,-,3234
"달서구","상인3동",면적 (㎢),소계,-,-,3.68
"달서구","도원동",세대수 (세대),소계,13724,13706,13722
"달서구","도원동",등록인구 (명),소계,39760,38533,37412
"달서구","도원동",등록인구 (명),남,19463,18778,18212
"달서구","도원동",등록인구 (명),여,20297,19755,19200
"달서구","도원동",한국인 (명),소계,39688,38449,37328
"달서구","도원동",한국인 (명),남,19449,18757,18193
"달서구","도원동",한국인 (명),여,20239,19692,19135
"달서구","도원동",외국인 (명),소계,72,84,84
"달서구","도원동",외국인 (명),남,14,21,19
"달서구","도원동",외국인 (명),여,58,63,65
"달서구","도원동",세대당 인구 (명),소계,-,-,2.72
"달서구","도원동",65세이상고령자 (명),소계,4390,4662,4973
"달서구","도원동",평균연령 (세),소계,-,-,42.7
"달서구","도원동",인구밀도 (명/㎢),소계,-,-,3513
"달서구","도원동",면적 (㎢),소계,-,-,10.65
"달서구","송현1동",세대수 (세대),소계,9626,9685,9887
"달서구","송현1동",등록인구 (명),소계,20740,20295,20366
"달서구","송현1동",등록인구 (명),남,10373,10146,10146
"달서구","송현1동",등록인구 (명),여,10367,10149,10220
"달서구","송현1동",한국인 (명),소계,20608,20161,19957
"달서구","송현1동",한국인 (명),남,10317,10087,9944
"달서구","송현1동",한국인 (명),여,10291,10074,10013
"달서구","송현1동",외국인 (명),소계,132,134,409
"달서구","송현1동",외국인 (명),남,56,59,202
"달서구","송현1동",외국인 (명),여,76,75,207
"달서구","송현1동",세대당 인구 (명),소계,-,-,2.02
"달서구","송현1동",65세이상고령자 (명),소계,3382,3520,3783
"달서구","송현1동",평균연령 (세),소계,-,-,46
"달서구","송현1동",인구밀도 (명/㎢),소계,-,-,8279
"달서구","송현1동",면적 (㎢),소계,-,-,2.46
"달서구","송현2동",세대수 (세대),소계,9431,9495,9236
"달서구","송현2동",등록인구 (명),소계,20652,20291,19599
"달서구","송현2동",등록인구 (명),남,9929,9719,9472
"달서구","송현2동",등록인구 (명),여,10723,10572,10127
"달서구","송현2동",한국인 (명),소계,20514,19951,18953
"달서구","송현2동",한국인 (명),남,9881,9598,9158
"달서구","송현2동",한국인 (명),여,10633,10353,9795
"달서구","송현2동",외국인 (명),소계,138,340,646
"달서구","송현2동",외국인 (명),남,48,121,314
"달서구","송현2동",외국인 (명),여,90,219,332
"달서구","송현2동",세대당 인구 (명),소계,-,-,2.05
"달서구","송현2동",65세이상고령자 (명),소계,3688,3902,4004
"달서구","송현2동",평균연령 (세),소계,-,-,47.4
"달서구","송현2동",인구밀도 (명/㎢),소계,-,-,20205
"달서구","송현2동",면적 (㎢),소계,-,-,0.97
"달서구","본동",세대수 (세대),소계,6190,6311,6257
"달서구","본동",등록인구 (명),소계,14343,14234,13971
"달서구","본동",등록인구 (명),남,7080,7094,6986
"달서구","본동",등록인구 (명),여,7263,7140,6985
"달서구","본동",한국인 (명),소계,14221,14090,13609
"달서구","본동",한국인 (명),남,7040,7021,6774
"달서구","본동",한국인 (명),여,7181,7069,6835
"달서구","본동",외국인 (명),소계,122,144,362
"달서구","본동",외국인 (명),남,40,73,212
"달서구","본동",외국인 (명),여,82,71,150
"달서구","본동",세대당 인구 (명),소계,-,-,2.18
"달서구","본동",65세이상고령자 (명),소계,2119,2272,2461
"달서구","본동",평균연령 (세),소계,-,-,45.7
"달서구","본동",인구밀도 (명/㎢),소계,-,-,12701
"달서구","본동",면적 (㎢),소계,-,-,1.1
"달성군","소계",세대수 (세대),소계,95898,100030,103834
"달성군","소계",등록인구 (명),소계,248890,256345,262580
"달성군","소계",등록인구 (명),남,127638,131242,134318
"달성군","소계",등록인구 (명),여,121252,125103,128262
"달성군","소계",한국인 (명),소계,243375,250543,256540
"달성군","소계",한국인 (명),남,123893,127374,130361
"달성군","소계",한국인 (명),여,119482,123169,126179
"달성군","소계",외국인 (명),소계,5515,5802,6040
"달성군","소계",외국인 (명),남,3745,3868,3957
"달성군","소계",외국인 (명),여,1770,1934,2083
"달성군","소계",세대당 인구 (명),소계,-,-,2.47
"달성군","소계",65세이상고령자 (명),소계,26950,28767,30558
"달성군","소계",평균연령 (세),소계,-,-,39.8
"달성군","소계",인구밀도 (명/㎢),소계,-,-,615
"달성군","소계",면적 (㎢),소계,-,-,426.69
"달성군","화원읍",세대수 (세대),소계,18636,19051,19041
"달성군","화원읍",등록인구 (명),소계,50857,50815,49793
"달성군","화원읍",등록인구 (명),남,25513,25487,24866
"달성군","화원읍",등록인구 (명),여,25344,25328,24927
"달성군","화원읍",한국인 (명),소계,50511,50471,49433
"달성군","화원읍",한국인 (명),남,25355,25323,24703
"달성군","화원읍",한국인 (명),여,25156,25148,24730
"달성군","화원읍",외국인 (명),소계,346,344,360
"달성군","화원읍",외국인 (명),남,158,164,163
"달성군","화원읍",외국인 (명),여,188,180,197
"달성군","화원읍",세대당 인구 (명),소계,-,-,2.6
"달성군","화원읍",65세이상고령자 (명),소계,6242,6617,6993
"달성군","화원읍",평균연령 (세),소계,-,-,42.9
"달성군","화원읍",인구밀도 (명/㎢),소계,-,-,1799
"달성군","화원읍",면적 (㎢),소계,-,-,27.68
"달성군","논공읍",세대수 (세대),소계,8070,8296,8641
"달성군","논공읍",등록인구 (명),소계,20870,20950,21407
"달성군","논공읍",등록인구 (명),남,11343,11405,11722
"달성군","논공읍",등록인구 (명),여,9527,9545,9685
"달성군","논공읍",한국인 (명),소계,18521,18529,18788
"달성군","논공읍",한국인 (명),남,9689,9775,9971
"달성군","논공읍",한국인 (명),여,8832,8754,8817
"달성군","논공읍",외국인 (명),소계,2349,2421,2619
"달성군","논공읍",외국인 (명),남,1654,1630,1751
"달성군","논공읍",외국인 (명),여,695,791,868
"달성군","논공읍",세대당 인구 (명),소계,-,-,2.17
"달성군","논공읍",65세이상고령자 (명),소계,2296,2438,2565
"달성군","논공읍",평균연령 (세),소계,-,-,49.5
"달성군","논공읍",인구밀도 (명/㎢),소계,-,-,488
"달성군","논공읍",면적 (㎢),소계,-,-,43.88
"달성군","다사읍",세대수 (세대),소계,30307,31343,33021
"달성군","다사읍",등록인구 (명),소계,85309,87408,90949
"달성군","다사읍",등록인구 (명),남,43102,44017,45775
"달성군","다사읍",등록인구 (명),여,42207,43391,45174
"달성군","다사읍",한국인 (명),소계,84522,86660,90175
"달성군","다사읍",한국인 (명),남,42599,43561,45309
"달성군","다사읍",한국인 (명),여,41923,43099,44866
"달성군","다사읍",외국인 (명),소계,787,748,774
"달성군","다사읍",외국인 (명),남,503,456,466
"달성군","다사읍",외국인 (명),여,284,292,308
"달성군","다사읍",세대당 인구 (명),소계,-,-,2.73
"달성군","다사읍",65세이상고령자 (명),소계,6177,6742,7335
"달성군","다사읍",평균연령 (세),소계,-,-,38.1
"달성군","다사읍",인구밀도 (명/㎢),소계,-,-,2480
"달성군","다사읍",면적 (㎢),소계,-,-,36.68
"달성군","유가읍",세대수 (세대),소계,-,10975,11160
"달성군","유가읍",등록인구 (명),소계,-,29791,30218
"달성군","유가읍",등록인구 (명),남,-,15078,15268
"달성군","유가읍",등록인구 (명),여,-,14713,14950
"달성군","유가읍",한국인 (명),소계,-,29512,29952
"달성군","유가읍",한국인 (명),남,-,14914,15115
"달성군","유가읍",한국인 (명),여,-,14598,14837
"달성군","유가읍",외국인 (명),소계,-,279,266
"달성군","유가읍",외국인 (명),남,-,164,153
"달성군","유가읍",외국인 (명),여,-,115,113
"달성군","유가읍",세대당 인구 (명),소계,-,-,2.68
"달성군","유가읍",65세이상고령자 (명),소계,-,1830,1977
"달성군","유가읍",평균연령 (세),소계,-,-,33.9
"달성군","유가읍",인구밀도 (명/㎢),소계,-,-,528
"달성군","유가읍",면적 (㎢),소계,-,-,57.26
"달성군","옥포읍",세대수 (세대),소계,-,9864,10331
"달성군","옥포읍",등록인구 (명),소계,-,23573,24544
"달성군","옥포읍",등록인구 (명),남,-,12004,12445
"달성군","옥포읍",등록인구 (명),여,-,11569,12099
"달성군","옥포읍",한국인 (명),소계,-,23326,24292
"달성군","옥포읍",한국인 (명),남,-,11860,12306
"달성군","옥포읍",한국인 (명),여,-,11466,11986
"달성군","옥포읍",외국인 (명),소계,-,247,252
"달성군","옥포읍",외국인 (명),남,-,144,139
"달성군","옥포읍",외국인 (명),여,-,103,113
"달성군","옥포읍",세대당 인구 (명),소계,-,-,2.35
"달성군","옥포읍",65세이상고령자 (명),소계,-,3414,3658
"달성군","옥포읍",평균연령 (세),소계,-,-,42.5
"달성군","옥포읍",인구밀도 (명/㎢),소계,-,-,502
"달성군","옥포읍",면적 (㎢),소계,-,-,48.92
"달성군","현풍읍",세대수 (세대),소계,-,10319,11324
"달성군","현풍읍",등록인구 (명),소계,-,21517,23441
"달성군","현풍읍",등록인구 (명),남,-,11320,12312
"달성군","현풍읍",등록인구 (명),여,-,10197,11129
"달성군","현풍읍",한국인 (명),소계,-,20915,22784
"달성군","현풍읍",한국인 (명),남,-,10974,11937
"달성군","현풍읍",한국인 (명),여,-,9941,10847
"달성군","현풍읍",외국인 (명),소계,-,602,657
"달성군","현풍읍",외국인 (명),남,-,346,375
"달성군","현풍읍",외국인 (명),여,-,256,282
"달성군","현풍읍",세대당 인구 (명),소계,-,-,2.01
"달성군","현풍읍",65세이상고령자 (명),소계,-,2713,2872
"달성군","현풍읍",평균연령 (세),소계,-,-,40.1
"달성군","현풍읍",인구밀도 (명/㎢),소계,-,-,954
"달성군","현풍읍",면적 (㎢),소계,-,-,24.57
"달성군","가창면",세대수 (세대),소계,3653,3696,3722
"달성군","가창면",등록인구 (명),소계,8229,8120,8111
"달성군","가창면",등록인구 (명),남,4126,4049,4034
"달성군","가창면",등록인구 (명),여,4103,4071,4077
"달성군","가창면",한국인 (명),소계,8191,8076,8073
"달성군","가창면",한국인 (명),남,4105,4028,4015
"달성군","가창면",한국인 (명),여,4086,4048,4058
"달성군","가창면",외국인 (명),소계,38,44,38
"달성군","가창면",외국인 (명),남,21,21,19
"달성군","가창면",외국인 (명),여,17,23,19
"달성군","가창면",세대당 인구 (명),소계,-,-,2.17
"달성군","가창면",65세이상고령자 (명),소계,2178,2295,2393
"달성군","가창면",평균연령 (세),소계,-,-,51.1
"달성군","가창면",인구밀도 (명/㎢),소계,-,-,73
"달성군","가창면",면적 (㎢),소계,-,-,111.16
"달성군","하빈면",세대수 (세대),소계,2054,2016,1992
"달성군","하빈면",등록인구 (명),소계,4132,3976,3879
"달성군","하빈면",등록인구 (명),남,2293,2192,2144
"달성군","하빈면",등록인구 (명),여,1839,1784,1735
"달성군","하빈면",한국인 (명),소계,4012,3864,3772
"달성군","하빈면",한국인 (명),남,2192,2092,2046
"달성군","하빈면",한국인 (명),여,1820,1772,1726
"달성군","하빈면",외국인 (명),소계,120,112,107
"달성군","하빈면",외국인 (명),남,101,100,98
"달성군","하빈면",외국인 (명),여,19,12,9
"달성군","하빈면",세대당 인구 (명),소계,-,-,1.89
"달성군","하빈면",65세이상고령자 (명),소계,1158,1159,1174
"달성군","하빈면",평균연령 (세),소계,-,-,54.6
"달성군","하빈면",인구밀도 (명/㎢),소계,-,-,106
"달성군","하빈면",면적 (㎢),소계,-,-,36.7
"달성군","구지면",세대수 (세대),소계,4146,4470,4602
"달성군","구지면",등록인구 (명),소계,9346,10195,10238
"달성군","구지면",등록인구 (명),남,5241,5690,5752
"달성군","구지면",등록인구 (명),여,4105,4505,4486
"달성군","구지면",한국인 (명),소계,8480,9190,9271
"달성군","구지면",한국인 (명),남,4509,4847,4959
"달성군","구지면",한국인 (명),여,3971,4343,4312
"달성군","구지면",외국인 (명),소계,866,1005,967
"달성군","구지면",외국인 (명),남,732,843,793
"달성군","구지면",외국인 (명),여,134,162,174
"달성군","구지면",세대당 인구 (명),소계,-,-,2.01
"달성군","구지면",65세이상고령자 (명),소계,1541,1559,1591
"달성군","구지면",평균연령 (세),소계,-,-,41.9
"달성군","구지면",인구밀도 (명/㎢),소계,-,-,257
"달성군","구지면",면적 (㎢),소계,-,-,39.84
"달성군","옥포면",세대수 (세대),소계,9411,-,-
"달성군","옥포면",등록인구 (명),소계,22487,-,-
"달성군","옥포면",등록인구 (명),남,11506,-,-
"달성군","옥포면",등록인구 (명),여,10981,-,-
"달성군","옥포면",한국인 (명),소계,22249,-,-
"달성군","옥포면",한국인 (명),남,11368,-,-
"달성군","옥포면",한국인 (명),여,10881,-,-
"달성군","옥포면",외국인 (명),소계,238,-,-
"달성군","옥포면",외국인 (명),남,138,-,-
"달성군","옥포면",외국인 (명),여,100,-,-
"달성군","옥포면",65세이상고령자 (명),소계,3134,-,-
"달성군","현풍면",세대수 (세대),소계,9738,-,-
"달성군","현풍면",등록인구 (명),소계,20807,-,-
"달성군","현풍면",등록인구 (명),남,10925,-,-
"달성군","현풍면",등록인구 (명),여,9882,-,-
"달성군","현풍면",한국인 (명),소계,20285,-,-
"달성군","현풍면",한국인 (명),남,10634,-,-
"달성군","현풍면",한국인 (명),여,9651,-,-
"달성군","현풍면",외국인 (명),소계,522,-,-
"달성군","현풍면",외국인 (명),남,291,-,-
"달성군","현풍면",외국인 (명),여,231,-,-
"달성군","현풍면",65세이상고령자 (명),소계,2569,-,-
"달성군","유가면",세대수 (세대),소계,9883,-,-
"달성군","유가면",등록인구 (명),소계,26853,-,-
"달성군","유가면",등록인구 (명),남,13589,-,-
"달성군","유가면",등록인구 (명),여,13264,-,-
"달성군","유가면",한국인 (명),소계,26604,-,-
"달성군","유가면",한국인 (명),남,13442,-,-
"달성군","유가면",한국인 (명),여,13162,-,-
"달성군","유가면",외국인 (명),소계,249,-,-
"달성군","유가면",외국인 (명),남,147,-,-
"달성군","유가면",외국인 (명),여,102,-,-
"달성군","유가면",65세이상고령자 (명),소계,1655,-,-
