"备焙喊(1)","己喊(1)","楷飞喊(1)",楷飞喊(2),2021
"措备堡开矫","拌","拌",家拌,2405064
"措备堡开矫","拌","0 ~ 4技",家拌,71469
"措备堡开矫","拌","0 ~ 4技",0技,11708
"措备堡开矫","拌","0 ~ 4技",1技,12596
"措备堡开矫","拌","0 ~ 4技",2技,13928
"措备堡开矫","拌","0 ~ 4技",3技,15572
"措备堡开矫","拌","0 ~ 4技",4技,17665
"措备堡开矫","拌","5 ~ 9技",家拌,102402
"措备堡开矫","拌","5 ~ 9技",5技,19688
"措备堡开矫","拌","5 ~ 9技",6技,20182
"措备堡开矫","拌","5 ~ 9技",7技,19853
"措备堡开矫","拌","5 ~ 9技",8技,21097
"措备堡开矫","拌","5 ~ 9技",9技,21582
"措备堡开矫","拌","10 ~ 14技",家拌,105707
"措备堡开矫","拌","10 ~ 14技",10技,21753
"措备堡开矫","拌","10 ~ 14技",11技,20035
"措备堡开矫","拌","10 ~ 14技",12技,20546
"措备堡开矫","拌","10 ~ 14技",13技,22301
"措备堡开矫","拌","10 ~ 14技",14技,21072
"措备堡开矫","拌","15 ~ 19技",家拌,112733
"措备堡开矫","拌","15 ~ 19技",15技,20433
"措备堡开矫","拌","15 ~ 19技",16技,21127
"措备堡开矫","拌","15 ~ 19技",17技,22982
"措备堡开矫","拌","15 ~ 19技",18技,23317
"措备堡开矫","拌","15 ~ 19技",19技,24874
"措备堡开矫","拌","20 ~ 24技",家拌,154998
"措备堡开矫","拌","20 ~ 24技",20技,29401
"措备堡开矫","拌","20 ~ 24技",21技,31062
"措备堡开矫","拌","20 ~ 24技",22技,29875
"措备堡开矫","拌","20 ~ 24技",23技,31981
"措备堡开矫","拌","20 ~ 24技",24技,32679
"措备堡开矫","拌","25 ~ 29技",家拌,162781
"措备堡开矫","拌","25 ~ 29技",25技,33548
"措备堡开矫","拌","25 ~ 29技",26技,32476
"措备堡开矫","拌","25 ~ 29技",27技,32571
"措备堡开矫","拌","25 ~ 29技",28技,32221
"措备堡开矫","拌","25 ~ 29技",29技,31965
"措备堡开矫","拌","30 ~ 34技",家拌,140509
"措备堡开矫","拌","30 ~ 34技",30技,28799
"措备堡开矫","拌","30 ~ 34技",31技,29303
"措备堡开矫","拌","30 ~ 34技",32技,27910
"措备堡开矫","拌","30 ~ 34技",33技,26914
"措备堡开矫","拌","30 ~ 34技",34技,27583
"措备堡开矫","拌","35 ~ 39技",家拌,157314
"措备堡开矫","拌","35 ~ 39技",35技,28064
"措备堡开矫","拌","35 ~ 39技",36技,27690
"措备堡开矫","拌","35 ~ 39技",37技,30636
"措备堡开矫","拌","35 ~ 39技",38技,34219
"措备堡开矫","拌","35 ~ 39技",39技,36705
"措备堡开矫","拌","40 ~ 44技",家拌,177930
"措备堡开矫","拌","40 ~ 44技",40技,37494
"措备堡开矫","拌","40 ~ 44技",41技,37401
"措备堡开矫","拌","40 ~ 44技",42技,34377
"措备堡开矫","拌","40 ~ 44技",43技,33833
"措备堡开矫","拌","40 ~ 44技",44技,34825
"措备堡开矫","拌","45 ~ 49技",家拌,199343
"措备堡开矫","拌","45 ~ 49技",45技,35558
"措备堡开矫","拌","45 ~ 49技",46技,37896
"措备堡开矫","拌","45 ~ 49技",47技,41026
"措备堡开矫","拌","45 ~ 49技",48技,42241
"措备堡开矫","拌","45 ~ 49技",49技,42622
"措备堡开矫","拌","50 ~ 54技",家拌,216392
"措备堡开矫","拌","50 ~ 54技",50技,43933
"措备堡开矫","拌","50 ~ 54技",51技,43636
"措备堡开矫","拌","50 ~ 54技",52技,45371
"措备堡开矫","拌","50 ~ 54技",53技,42535
"措备堡开矫","拌","50 ~ 54技",54技,40917
"措备堡开矫","拌","55 ~ 59技",家拌,202127
"措备堡开矫","拌","55 ~ 59技",55技,40807
"措备堡开矫","拌","55 ~ 59技",56技,40577
"措备堡开矫","拌","55 ~ 59技",57技,37577
"措备堡开矫","拌","55 ~ 59技",58技,42677
"措备堡开矫","拌","55 ~ 59技",59技,40489
"措备堡开矫","拌","60 ~ 64技",家拌,194174
"措备堡开矫","拌","60 ~ 64技",60技,45202
"措备堡开矫","拌","60 ~ 64技",61技,42533
"措备堡开矫","拌","60 ~ 64技",62技,38177
"措备堡开矫","拌","60 ~ 64技",63技,34401
"措备堡开矫","拌","60 ~ 64技",64技,33861
"措备堡开矫","拌","65 ~ 69技",家拌,142345
"措备堡开矫","拌","65 ~ 69技",65技,32033
"措备堡开矫","拌","65 ~ 69技",66技,31761
"措备堡开矫","拌","65 ~ 69技",67技,25505
"措备堡开矫","拌","65 ~ 69技",68技,26940
"措备堡开矫","拌","65 ~ 69技",69技,26106
"措备堡开矫","拌","70 ~ 74技",家拌,102760
"措备堡开矫","拌","70 ~ 74技",70技,20131
"措备堡开矫","拌","70 ~ 74技",71技,21806
"措备堡开矫","拌","70 ~ 74技",72技,21999
"措备堡开矫","拌","70 ~ 74技",73技,20264
"措备堡开矫","拌","70 ~ 74技",74技,18560
"措备堡开矫","拌","75 ~ 79技",家拌,72569
"措备堡开矫","拌","75 ~ 79技",75技,11295
"措备堡开矫","拌","75 ~ 79技",76技,14288
"措备堡开矫","拌","75 ~ 79技",77技,14957
"措备堡开矫","拌","75 ~ 79技",78技,16657
"措备堡开矫","拌","75 ~ 79技",79技,15372
"措备堡开矫","拌","80 ~ 84技",家拌,53060
"措备堡开矫","拌","80 ~ 84技",80技,12849
"措备堡开矫","拌","80 ~ 84技",81技,11844
"措备堡开矫","拌","80 ~ 84技",82技,10835
"措备堡开矫","拌","80 ~ 84技",83技,9236
"措备堡开矫","拌","80 ~ 84技",84技,8296
"措备堡开矫","拌","85 ~ 89技",家拌,26761
"措备堡开矫","拌","85 ~ 89技",85技,7525
"措备堡开矫","拌","85 ~ 89技",86技,6459
"措备堡开矫","拌","85 ~ 89技",87技,5179
"措备堡开矫","拌","85 ~ 89技",88技,4171
"措备堡开矫","拌","85 ~ 89技",89技,3427
"措备堡开矫","拌","90 ~ 94技",家拌,8039
"措备堡开矫","拌","90 ~ 94技",90技,2522
"措备堡开矫","拌","90 ~ 94技",91技,1929
"措备堡开矫","拌","90 ~ 94技",92技,1564
"措备堡开矫","拌","90 ~ 94技",93技,1170
"措备堡开矫","拌","90 ~ 94技",94技,854
"措备堡开矫","拌","95技 捞惑",家拌,1651
"措备堡开矫","巢磊","拌",家拌,1188864
"措备堡开矫","巢磊","0 ~ 4技",家拌,36546
"措备堡开矫","巢磊","0 ~ 4技",0技,5984
"措备堡开矫","巢磊","0 ~ 4技",1技,6440
"措备堡开矫","巢磊","0 ~ 4技",2技,7055
"措备堡开矫","巢磊","0 ~ 4技",3技,8030
"措备堡开矫","巢磊","0 ~ 4技",4技,9037
"措备堡开矫","巢磊","5 ~ 9技",家拌,52240
"措备堡开矫","巢磊","5 ~ 9技",5技,10062
"措备堡开矫","巢磊","5 ~ 9技",6技,10265
"措备堡开矫","巢磊","5 ~ 9技",7技,10073
"措备堡开矫","巢磊","5 ~ 9技",8技,10859
"措备堡开矫","巢磊","5 ~ 9技",9技,10981
"措备堡开矫","巢磊","10 ~ 14技",家拌,54727
"措备堡开矫","巢磊","10 ~ 14技",10技,11241
"措备堡开矫","巢磊","10 ~ 14技",11技,10418
"措备堡开矫","巢磊","10 ~ 14技",12技,10703
"措备堡开矫","巢磊","10 ~ 14技",13技,11491
"措备堡开矫","巢磊","10 ~ 14技",14技,10874
"措备堡开矫","巢磊","15 ~ 19技",家拌,59319
"措备堡开矫","巢磊","15 ~ 19技",15技,10705
"措备堡开矫","巢磊","15 ~ 19技",16技,11020
"措备堡开矫","巢磊","15 ~ 19技",17技,12078
"措备堡开矫","巢磊","15 ~ 19技",18技,12354
"措备堡开矫","巢磊","15 ~ 19技",19技,13162
"措备堡开矫","巢磊","20 ~ 24技",家拌,81801
"措备堡开矫","巢磊","20 ~ 24技",20技,15519
"措备堡开矫","巢磊","20 ~ 24技",21技,16540
"措备堡开矫","巢磊","20 ~ 24技",22技,15913
"措备堡开矫","巢磊","20 ~ 24技",23技,16679
"措备堡开矫","巢磊","20 ~ 24技",24技,17150
"措备堡开矫","巢磊","25 ~ 29技",家拌,88338
"措备堡开矫","巢磊","25 ~ 29技",25技,18036
"措备堡开矫","巢磊","25 ~ 29技",26技,17808
"措备堡开矫","巢磊","25 ~ 29技",27技,17759
"措备堡开矫","巢磊","25 ~ 29技",28技,17415
"措备堡开矫","巢磊","25 ~ 29技",29技,17320
"措备堡开矫","巢磊","30 ~ 34技",家拌,75881
"措备堡开矫","巢磊","30 ~ 34技",30技,15510
"措备堡开矫","巢磊","30 ~ 34技",31技,15944
"措备堡开矫","巢磊","30 ~ 34技",32技,15241
"措备堡开矫","巢磊","30 ~ 34技",33技,14495
"措备堡开矫","巢磊","30 ~ 34技",34技,14691
"措备堡开矫","巢磊","35 ~ 39技",家拌,80749
"措备堡开矫","巢磊","35 ~ 39技",35技,14901
"措备堡开矫","巢磊","35 ~ 39技",36技,14651
"措备堡开矫","巢磊","35 ~ 39技",37技,15734
"措备堡开矫","巢磊","35 ~ 39技",38技,17077
"措备堡开矫","巢磊","35 ~ 39技",39技,18386
"措备堡开矫","巢磊","40 ~ 44技",家拌,89003
"措备堡开矫","巢磊","40 ~ 44技",40技,18880
"措备堡开矫","巢磊","40 ~ 44技",41技,18624
"措备堡开矫","巢磊","40 ~ 44技",42技,17082
"措备堡开矫","巢磊","40 ~ 44技",43技,16909
"措备堡开矫","巢磊","40 ~ 44技",44技,17508
"措备堡开矫","巢磊","45 ~ 49技",家拌,98210
"措备堡开矫","巢磊","45 ~ 49技",45技,17736
"措备堡开矫","巢磊","45 ~ 49技",46技,18658
"措备堡开矫","巢磊","45 ~ 49技",47技,20103
"措备堡开矫","巢磊","45 ~ 49技",48技,20747
"措备堡开矫","巢磊","45 ~ 49技",49技,20966
"措备堡开矫","巢磊","50 ~ 54技",家拌,105711
"措备堡开矫","巢磊","50 ~ 54技",50技,21556
"措备堡开矫","巢磊","50 ~ 54技",51技,21299
"措备堡开矫","巢磊","50 ~ 54技",52技,22102
"措备堡开矫","巢磊","50 ~ 54技",53技,20776
"措备堡开矫","巢磊","50 ~ 54技",54技,19978
"措备堡开矫","巢磊","55 ~ 59技",家拌,99071
"措备堡开矫","巢磊","55 ~ 59技",55技,20020
"措备堡开矫","巢磊","55 ~ 59技",56技,19667
"措备堡开矫","巢磊","55 ~ 59技",57技,18419
"措备堡开矫","巢磊","55 ~ 59技",58技,21074
"措备堡开矫","巢磊","55 ~ 59技",59技,19891
"措备堡开矫","巢磊","60 ~ 64技",家拌,93811
"措备堡开矫","巢磊","60 ~ 64技",60技,21808
"措备堡开矫","巢磊","60 ~ 64技",61技,20262
"措备堡开矫","巢磊","60 ~ 64技",62技,18502
"措备堡开矫","巢磊","60 ~ 64技",63技,16877
"措备堡开矫","巢磊","60 ~ 64技",64技,16362
"措备堡开矫","巢磊","65 ~ 69技",家拌,66442
"措备堡开矫","巢磊","65 ~ 69技",65技,15214
"措备堡开矫","巢磊","65 ~ 69技",66技,14948
"措备堡开矫","巢磊","65 ~ 69技",67技,11932
"措备堡开矫","巢磊","65 ~ 69技",68技,12347
"措备堡开矫","巢磊","65 ~ 69技",69技,12001
"措备堡开矫","巢磊","70 ~ 74技",家拌,46568
"措备堡开矫","巢磊","70 ~ 74技",70技,9244
"措备堡开矫","巢磊","70 ~ 74技",71技,10189
"措备堡开矫","巢磊","70 ~ 74技",72技,9892
"措备堡开矫","巢磊","70 ~ 74技",73技,9107
"措备堡开矫","巢磊","70 ~ 74技",74技,8136
"措备堡开矫","巢磊","75 ~ 79技",家拌,30640
"措备堡开矫","巢磊","75 ~ 79技",75技,5104
"措备堡开矫","巢磊","75 ~ 79技",76技,6061
"措备堡开矫","巢磊","75 ~ 79技",77技,6120
"措备堡开矫","巢磊","75 ~ 79技",78技,6979
"措备堡开矫","巢磊","75 ~ 79技",79技,6376
"措备堡开矫","巢磊","80 ~ 84技",家拌,19637
"措备堡开矫","巢磊","80 ~ 84技",80技,4974
"措备堡开矫","巢磊","80 ~ 84技",81技,4444
"措备堡开矫","巢磊","80 ~ 84技",82技,4063
"措备堡开矫","巢磊","80 ~ 84技",83技,3286
"措备堡开矫","巢磊","80 ~ 84技",84技,2870
"措备堡开矫","巢磊","85 ~ 89技",家拌,8168
"措备堡开矫","巢磊","85 ~ 89技",85技,2449
"措备堡开矫","巢磊","85 ~ 89技",86技,2084
"措备堡开矫","巢磊","85 ~ 89技",87技,1542
"措备堡开矫","巢磊","85 ~ 89技",88技,1169
"措备堡开矫","巢磊","85 ~ 89技",89技,924
"措备堡开矫","巢磊","90 ~ 94技",家拌,1729
"措备堡开矫","巢磊","90 ~ 94技",90技,584
"措备堡开矫","巢磊","90 ~ 94技",91技,406
"措备堡开矫","巢磊","90 ~ 94技",92技,328
"措备堡开矫","巢磊","90 ~ 94技",93技,244
"措备堡开矫","巢磊","90 ~ 94技",94技,167
"措备堡开矫","巢磊","95技 捞惑",家拌,273
"措备堡开矫","咯磊","拌",家拌,1216200
"措备堡开矫","咯磊","0 ~ 4技",家拌,34923
"措备堡开矫","咯磊","0 ~ 4技",0技,5724
"措备堡开矫","咯磊","0 ~ 4技",1技,6156
"措备堡开矫","咯磊","0 ~ 4技",2技,6873
"措备堡开矫","咯磊","0 ~ 4技",3技,7542
"措备堡开矫","咯磊","0 ~ 4技",4技,8628
"措备堡开矫","咯磊","5 ~ 9技",家拌,50162
"措备堡开矫","咯磊","5 ~ 9技",5技,9626
"措备堡开矫","咯磊","5 ~ 9技",6技,9917
"措备堡开矫","咯磊","5 ~ 9技",7技,9780
"措备堡开矫","咯磊","5 ~ 9技",8技,10238
"措备堡开矫","咯磊","5 ~ 9技",9技,10601
"措备堡开矫","咯磊","10 ~ 14技",家拌,50980
"措备堡开矫","咯磊","10 ~ 14技",10技,10512
"措备堡开矫","咯磊","10 ~ 14技",11技,9617
"措备堡开矫","咯磊","10 ~ 14技",12技,9843
"措备堡开矫","咯磊","10 ~ 14技",13技,10810
"措备堡开矫","咯磊","10 ~ 14技",14技,10198
"措备堡开矫","咯磊","15 ~ 19技",家拌,53414
"措备堡开矫","咯磊","15 ~ 19技",15技,9728
"措备堡开矫","咯磊","15 ~ 19技",16技,10107
"措备堡开矫","咯磊","15 ~ 19技",17技,10904
"措备堡开矫","咯磊","15 ~ 19技",18技,10963
"措备堡开矫","咯磊","15 ~ 19技",19技,11712
"措备堡开矫","咯磊","20 ~ 24技",家拌,73197
"措备堡开矫","咯磊","20 ~ 24技",20技,13882
"措备堡开矫","咯磊","20 ~ 24技",21技,14522
"措备堡开矫","咯磊","20 ~ 24技",22技,13962
"措备堡开矫","咯磊","20 ~ 24技",23技,15302
"措备堡开矫","咯磊","20 ~ 24技",24技,15529
"措备堡开矫","咯磊","25 ~ 29技",家拌,74443
"措备堡开矫","咯磊","25 ~ 29技",25技,15512
"措备堡开矫","咯磊","25 ~ 29技",26技,14668
"措备堡开矫","咯磊","25 ~ 29技",27技,14812
"措备堡开矫","咯磊","25 ~ 29技",28技,14806
"措备堡开矫","咯磊","25 ~ 29技",29技,14645
"措备堡开矫","咯磊","30 ~ 34技",家拌,64628
"措备堡开矫","咯磊","30 ~ 34技",30技,13289
"措备堡开矫","咯磊","30 ~ 34技",31技,13359
"措备堡开矫","咯磊","30 ~ 34技",32技,12669
"措备堡开矫","咯磊","30 ~ 34技",33技,12419
"措备堡开矫","咯磊","30 ~ 34技",34技,12892
"措备堡开矫","咯磊","35 ~ 39技",家拌,76565
"措备堡开矫","咯磊","35 ~ 39技",35技,13163
"措备堡开矫","咯磊","35 ~ 39技",36技,13039
"措备堡开矫","咯磊","35 ~ 39技",37技,14902
"措备堡开矫","咯磊","35 ~ 39技",38技,17142
"措备堡开矫","咯磊","35 ~ 39技",39技,18319
"措备堡开矫","咯磊","40 ~ 44技",家拌,88927
"措备堡开矫","咯磊","40 ~ 44技",40技,18614
"措备堡开矫","咯磊","40 ~ 44技",41技,18777
"措备堡开矫","咯磊","40 ~ 44技",42技,17295
"措备堡开矫","咯磊","40 ~ 44技",43技,16924
"措备堡开矫","咯磊","40 ~ 44技",44技,17317
"措备堡开矫","咯磊","45 ~ 49技",家拌,101133
"措备堡开矫","咯磊","45 ~ 49技",45技,17822
"措备堡开矫","咯磊","45 ~ 49技",46技,19238
"措备堡开矫","咯磊","45 ~ 49技",47技,20923
"措备堡开矫","咯磊","45 ~ 49技",48技,21494
"措备堡开矫","咯磊","45 ~ 49技",49技,21656
"措备堡开矫","咯磊","50 ~ 54技",家拌,110681
"措备堡开矫","咯磊","50 ~ 54技",50技,22377
"措备堡开矫","咯磊","50 ~ 54技",51技,22337
"措备堡开矫","咯磊","50 ~ 54技",52技,23269
"措备堡开矫","咯磊","50 ~ 54技",53技,21759
"措备堡开矫","咯磊","50 ~ 54技",54技,20939
"措备堡开矫","咯磊","55 ~ 59技",家拌,103056
"措备堡开矫","咯磊","55 ~ 59技",55技,20787
"措备堡开矫","咯磊","55 ~ 59技",56技,20910
"措备堡开矫","咯磊","55 ~ 59技",57技,19158
"措备堡开矫","咯磊","55 ~ 59技",58技,21603
"措备堡开矫","咯磊","55 ~ 59技",59技,20598
"措备堡开矫","咯磊","60 ~ 64技",家拌,100363
"措备堡开矫","咯磊","60 ~ 64技",60技,23394
"措备堡开矫","咯磊","60 ~ 64技",61技,22271
"措备堡开矫","咯磊","60 ~ 64技",62技,19675
"措备堡开矫","咯磊","60 ~ 64技",63技,17524
"措备堡开矫","咯磊","60 ~ 64技",64技,17499
"措备堡开矫","咯磊","65 ~ 69技",家拌,75903
"措备堡开矫","咯磊","65 ~ 69技",65技,16819
"措备堡开矫","咯磊","65 ~ 69技",66技,16813
"措备堡开矫","咯磊","65 ~ 69技",67技,13573
"措备堡开矫","咯磊","65 ~ 69技",68技,14593
"措备堡开矫","咯磊","65 ~ 69技",69技,14105
"措备堡开矫","咯磊","70 ~ 74技",家拌,56192
"措备堡开矫","咯磊","70 ~ 74技",70技,10887
"措备堡开矫","咯磊","70 ~ 74技",71技,11617
"措备堡开矫","咯磊","70 ~ 74技",72技,12107
"措备堡开矫","咯磊","70 ~ 74技",73技,11157
"措备堡开矫","咯磊","70 ~ 74技",74技,10424
"措备堡开矫","咯磊","75 ~ 79技",家拌,41929
"措备堡开矫","咯磊","75 ~ 79技",75技,6191
"措备堡开矫","咯磊","75 ~ 79技",76技,8227
"措备堡开矫","咯磊","75 ~ 79技",77技,8837
"措备堡开矫","咯磊","75 ~ 79技",78技,9678
"措备堡开矫","咯磊","75 ~ 79技",79技,8996
"措备堡开矫","咯磊","80 ~ 84技",家拌,33423
"措备堡开矫","咯磊","80 ~ 84技",80技,7875
"措备堡开矫","咯磊","80 ~ 84技",81技,7400
"措备堡开矫","咯磊","80 ~ 84技",82技,6772
"措备堡开矫","咯磊","80 ~ 84技",83技,5950
"措备堡开矫","咯磊","80 ~ 84技",84技,5426
"措备堡开矫","咯磊","85 ~ 89技",家拌,18593
"措备堡开矫","咯磊","85 ~ 89技",85技,5076
"措备堡开矫","咯磊","85 ~ 89技",86技,4375
"措备堡开矫","咯磊","85 ~ 89技",87技,3637
"措备堡开矫","咯磊","85 ~ 89技",88技,3002
"措备堡开矫","咯磊","85 ~ 89技",89技,2503
"措备堡开矫","咯磊","90 ~ 94技",家拌,6310
"措备堡开矫","咯磊","90 ~ 94技",90技,1938
"措备堡开矫","咯磊","90 ~ 94技",91技,1523
"措备堡开矫","咯磊","90 ~ 94技",92技,1236
"措备堡开矫","咯磊","90 ~ 94技",93技,926
"措备堡开矫","咯磊","90 ~ 94技",94技,687
"措备堡开矫","咯磊","95技 捞惑",家拌,1378
"吝备","拌","拌",家拌,74883
"吝备","拌","0 ~ 4技",家拌,2269
"吝备","拌","0 ~ 4技",0技,381
"吝备","拌","0 ~ 4技",1技,387
"吝备","拌","0 ~ 4技",2技,441
"吝备","拌","0 ~ 4技",3技,500
"吝备","拌","0 ~ 4技",4技,560
"吝备","拌","5 ~ 9技",家拌,2731
"吝备","拌","5 ~ 9技",5技,571
"吝备","拌","5 ~ 9技",6技,578
"吝备","拌","5 ~ 9技",7技,508
"吝备","拌","5 ~ 9技",8技,557
"吝备","拌","5 ~ 9技",9技,517
"吝备","拌","10 ~ 14技",家拌,2319
"吝备","拌","10 ~ 14技",10技,527
"吝备","拌","10 ~ 14技",11技,441
"吝备","拌","10 ~ 14技",12技,444
"吝备","拌","10 ~ 14技",13技,474
"吝备","拌","10 ~ 14技",14技,433
"吝备","拌","15 ~ 19技",家拌,2642
"吝备","拌","15 ~ 19技",15技,469
"吝备","拌","15 ~ 19技",16技,471
"吝备","拌","15 ~ 19技",17技,519
"吝备","拌","15 ~ 19技",18技,580
"吝备","拌","15 ~ 19技",19技,603
"吝备","拌","20 ~ 24技",家拌,4718
"吝备","拌","20 ~ 24技",20技,704
"吝备","拌","20 ~ 24技",21技,844
"吝备","拌","20 ~ 24技",22技,929
"吝备","拌","20 ~ 24技",23技,1022
"吝备","拌","20 ~ 24技",24技,1219
"吝备","拌","25 ~ 29技",家拌,6756
"吝备","拌","25 ~ 29技",25技,1270
"吝备","拌","25 ~ 29技",26技,1408
"吝备","拌","25 ~ 29技",27技,1357
"吝备","拌","25 ~ 29技",28技,1373
"吝备","拌","25 ~ 29技",29技,1348
"吝备","拌","30 ~ 34技",家拌,5611
"吝备","拌","30 ~ 34技",30技,1229
"吝备","拌","30 ~ 34技",31技,1219
"吝备","拌","30 ~ 34技",32技,1110
"吝备","拌","30 ~ 34技",33技,1006
"吝备","拌","30 ~ 34技",34技,1047
"吝备","拌","35 ~ 39技",家拌,5473
"吝备","拌","35 ~ 39技",35技,1056
"吝备","拌","35 ~ 39技",36技,1025
"吝备","拌","35 ~ 39技",37技,1081
"吝备","拌","35 ~ 39技",38技,1135
"吝备","拌","35 ~ 39技",39技,1176
"吝备","拌","40 ~ 44技",家拌,5154
"吝备","拌","40 ~ 44技",40技,1198
"吝备","拌","40 ~ 44技",41技,1160
"吝备","拌","40 ~ 44技",42技,951
"吝备","拌","40 ~ 44技",43技,857
"吝备","拌","40 ~ 44技",44技,988
"吝备","拌","45 ~ 49技",家拌,5415
"吝备","拌","45 ~ 49技",45技,985
"吝备","拌","45 ~ 49技",46技,1033
"吝备","拌","45 ~ 49技",47技,1116
"吝备","拌","45 ~ 49技",48技,1128
"吝备","拌","45 ~ 49技",49技,1153
"吝备","拌","50 ~ 54技",家拌,5645
"吝备","拌","50 ~ 54技",50技,1181
"吝备","拌","50 ~ 54技",51技,1175
"吝备","拌","50 ~ 54技",52技,1098
"吝备","拌","50 ~ 54技",53技,1091
"吝备","拌","50 ~ 54技",54技,1100
"吝备","拌","55 ~ 59技",家拌,5324
"吝备","拌","55 ~ 59技",55技,1012
"吝备","拌","55 ~ 59技",56技,1071
"吝备","拌","55 ~ 59技",57技,1020
"吝备","拌","55 ~ 59技",58技,1119
"吝备","拌","55 ~ 59技",59技,1102
"吝备","拌","60 ~ 64技",家拌,5620
"吝备","拌","60 ~ 64技",60技,1215
"吝备","拌","60 ~ 64技",61技,1249
"吝备","拌","60 ~ 64技",62技,1085
"吝备","拌","60 ~ 64技",63技,1044
"吝备","拌","60 ~ 64技",64技,1027
"吝备","拌","65 ~ 69技",家拌,4578
"吝备","拌","65 ~ 69技",65技,1028
"吝备","拌","65 ~ 69技",66技,999
"吝备","拌","65 ~ 69技",67技,816
"吝备","拌","65 ~ 69技",68技,881
"吝备","拌","65 ~ 69技",69技,854
"吝备","拌","70 ~ 74技",家拌,3893
"吝备","拌","70 ~ 74技",70技,682
"吝备","拌","70 ~ 74技",71技,803
"吝备","拌","70 ~ 74技",72技,838
"吝备","拌","70 ~ 74技",73技,809
"吝备","拌","70 ~ 74技",74技,761
"吝备","拌","75 ~ 79技",家拌,3134
"吝备","拌","75 ~ 79技",75技,494
"吝备","拌","75 ~ 79技",76技,579
"吝备","拌","75 ~ 79技",77技,703
"吝备","拌","75 ~ 79技",78技,701
"吝备","拌","75 ~ 79技",79技,657
"吝备","拌","80 ~ 84技",家拌,2162
"吝备","拌","80 ~ 84技",80技,505
"吝备","拌","80 ~ 84技",81技,500
"吝备","拌","80 ~ 84技",82技,452
"吝备","拌","80 ~ 84技",83技,373
"吝备","拌","80 ~ 84技",84技,332
"吝备","拌","85 ~ 89技",家拌,1039
"吝备","拌","85 ~ 89技",85技,292
"吝备","拌","85 ~ 89技",86技,257
"吝备","拌","85 ~ 89技",87技,201
"吝备","拌","85 ~ 89技",88技,152
"吝备","拌","85 ~ 89技",89技,137
"吝备","拌","90 ~ 94技",家拌,325
"吝备","拌","90 ~ 94技",90技,105
"吝备","拌","90 ~ 94技",91技,69
"吝备","拌","90 ~ 94技",92技,65
"吝备","拌","90 ~ 94技",93技,48
"吝备","拌","90 ~ 94技",94技,38
"吝备","拌","95技 捞惑",家拌,75
"吝备","巢磊","拌",家拌,35999
"吝备","巢磊","0 ~ 4技",家拌,1155
"吝备","巢磊","0 ~ 4技",0技,195
"吝备","巢磊","0 ~ 4技",1技,196
"吝备","巢磊","0 ~ 4技",2技,228
"吝备","巢磊","0 ~ 4技",3技,256
"吝备","巢磊","0 ~ 4技",4技,280
"吝备","巢磊","5 ~ 9技",家拌,1387
"吝备","巢磊","5 ~ 9技",5技,301
"吝备","巢磊","5 ~ 9技",6技,274
"吝备","巢磊","5 ~ 9技",7技,251
"吝备","巢磊","5 ~ 9技",8技,281
"吝备","巢磊","5 ~ 9技",9技,280
"吝备","巢磊","10 ~ 14技",家拌,1190
"吝备","巢磊","10 ~ 14技",10技,266
"吝备","巢磊","10 ~ 14技",11技,236
"吝备","巢磊","10 ~ 14技",12技,229
"吝备","巢磊","10 ~ 14技",13技,228
"吝备","巢磊","10 ~ 14技",14技,231
"吝备","巢磊","15 ~ 19技",家拌,1315
"吝备","巢磊","15 ~ 19技",15技,239
"吝备","巢磊","15 ~ 19技",16技,232
"吝备","巢磊","15 ~ 19技",17技,241
"吝备","巢磊","15 ~ 19技",18技,302
"吝备","巢磊","15 ~ 19技",19技,301
"吝备","巢磊","20 ~ 24技",家拌,2148
"吝备","巢磊","20 ~ 24技",20技,336
"吝备","巢磊","20 ~ 24技",21技,387
"吝备","巢磊","20 ~ 24技",22技,416
"吝备","巢磊","20 ~ 24技",23技,445
"吝备","巢磊","20 ~ 24技",24技,564
"吝备","巢磊","25 ~ 29技",家拌,3347
"吝备","巢磊","25 ~ 29技",25技,608
"吝备","巢磊","25 ~ 29技",26技,683
"吝备","巢磊","25 ~ 29技",27技,690
"吝备","巢磊","25 ~ 29技",28技,666
"吝备","巢磊","25 ~ 29技",29技,700
"吝备","巢磊","30 ~ 34技",家拌,2909
"吝备","巢磊","30 ~ 34技",30技,619
"吝备","巢磊","30 ~ 34技",31技,652
"吝备","巢磊","30 ~ 34技",32技,571
"吝备","巢磊","30 ~ 34技",33技,545
"吝备","巢磊","30 ~ 34技",34技,522
"吝备","巢磊","35 ~ 39技",家拌,2841
"吝备","巢磊","35 ~ 39技",35技,542
"吝备","巢磊","35 ~ 39技",36技,556
"吝备","巢磊","35 ~ 39技",37技,563
"吝备","巢磊","35 ~ 39技",38技,560
"吝备","巢磊","35 ~ 39技",39技,620
"吝备","巢磊","40 ~ 44技",家拌,2697
"吝备","巢磊","40 ~ 44技",40技,649
"吝备","巢磊","40 ~ 44技",41技,612
"吝备","巢磊","40 ~ 44技",42技,484
"吝备","巢磊","40 ~ 44技",43技,452
"吝备","巢磊","40 ~ 44技",44技,500
"吝备","巢磊","45 ~ 49技",家拌,2728
"吝备","巢磊","45 ~ 49技",45技,497
"吝备","巢磊","45 ~ 49技",46技,520
"吝备","巢磊","45 ~ 49技",47技,551
"吝备","巢磊","45 ~ 49技",48技,556
"吝备","巢磊","45 ~ 49技",49技,604
"吝备","巢磊","50 ~ 54技",家拌,2803
"吝备","巢磊","50 ~ 54技",50技,566
"吝备","巢磊","50 ~ 54技",51技,588
"吝备","巢磊","50 ~ 54技",52技,551
"吝备","巢磊","50 ~ 54技",53技,548
"吝备","巢磊","50 ~ 54技",54技,550
"吝备","巢磊","55 ~ 59技",家拌,2597
"吝备","巢磊","55 ~ 59技",55技,469
"吝备","巢磊","55 ~ 59技",56技,538
"吝备","巢磊","55 ~ 59技",57技,502
"吝备","巢磊","55 ~ 59技",58技,549
"吝备","巢磊","55 ~ 59技",59技,539
"吝备","巢磊","60 ~ 64技",家拌,2673
"吝备","巢磊","60 ~ 64技",60技,564
"吝备","巢磊","60 ~ 64技",61技,613
"吝备","巢磊","60 ~ 64技",62技,514
"吝备","巢磊","60 ~ 64技",63技,505
"吝备","巢磊","60 ~ 64技",64技,477
"吝备","巢磊","65 ~ 69技",家拌,2007
"吝备","巢磊","65 ~ 69技",65技,462
"吝备","巢磊","65 ~ 69技",66技,450
"吝备","巢磊","65 ~ 69技",67技,375
"吝备","巢磊","65 ~ 69技",68技,357
"吝备","巢磊","65 ~ 69技",69技,363
"吝备","巢磊","70 ~ 74技",家拌,1644
"吝备","巢磊","70 ~ 74技",70技,287
"吝备","巢磊","70 ~ 74技",71技,360
"吝备","巢磊","70 ~ 74技",72技,322
"吝备","巢磊","70 ~ 74技",73技,354
"吝备","巢磊","70 ~ 74技",74技,321
"吝备","巢磊","75 ~ 79技",家拌,1308
"吝备","巢磊","75 ~ 79技",75技,199
"吝备","巢磊","75 ~ 79技",76技,247
"吝备","巢磊","75 ~ 79技",77技,279
"吝备","巢磊","75 ~ 79技",78技,294
"吝备","巢磊","75 ~ 79技",79技,289
"吝备","巢磊","80 ~ 84技",家拌,819
"吝备","巢磊","80 ~ 84技",80技,207
"吝备","巢磊","80 ~ 84技",81技,182
"吝备","巢磊","80 ~ 84技",82技,179
"吝备","巢磊","80 ~ 84技",83技,132
"吝备","巢磊","80 ~ 84技",84技,119
"吝备","巢磊","85 ~ 89技",家拌,341
"吝备","巢磊","85 ~ 89技",85技,104
"吝备","巢磊","85 ~ 89技",86技,91
"吝备","巢磊","85 ~ 89技",87技,63
"吝备","巢磊","85 ~ 89技",88技,43
"吝备","巢磊","85 ~ 89技",89技,40
"吝备","巢磊","90 ~ 94技",家拌,76
"吝备","巢磊","90 ~ 94技",90技,25
"吝备","巢磊","90 ~ 94技",91技,16
"吝备","巢磊","90 ~ 94技",92技,15
"吝备","巢磊","90 ~ 94技",93技,14
"吝备","巢磊","90 ~ 94技",94技,6
"吝备","巢磊","95技 捞惑",家拌,14
"吝备","咯磊","拌",家拌,38884
"吝备","咯磊","0 ~ 4技",家拌,1114
"吝备","咯磊","0 ~ 4技",0技,186
"吝备","咯磊","0 ~ 4技",1技,191
"吝备","咯磊","0 ~ 4技",2技,213
"吝备","咯磊","0 ~ 4技",3技,244
"吝备","咯磊","0 ~ 4技",4技,280
"吝备","咯磊","5 ~ 9技",家拌,1344
"吝备","咯磊","5 ~ 9技",5技,270
"吝备","咯磊","5 ~ 9技",6技,304
"吝备","咯磊","5 ~ 9技",7技,257
"吝备","咯磊","5 ~ 9技",8技,276
"吝备","咯磊","5 ~ 9技",9技,237
"吝备","咯磊","10 ~ 14技",家拌,1129
"吝备","咯磊","10 ~ 14技",10技,261
"吝备","咯磊","10 ~ 14技",11技,205
"吝备","咯磊","10 ~ 14技",12技,215
"吝备","咯磊","10 ~ 14技",13技,246
"吝备","咯磊","10 ~ 14技",14技,202
"吝备","咯磊","15 ~ 19技",家拌,1327
"吝备","咯磊","15 ~ 19技",15技,230
"吝备","咯磊","15 ~ 19技",16技,239
"吝备","咯磊","15 ~ 19技",17技,278
"吝备","咯磊","15 ~ 19技",18技,278
"吝备","咯磊","15 ~ 19技",19技,302
"吝备","咯磊","20 ~ 24技",家拌,2570
"吝备","咯磊","20 ~ 24技",20技,368
"吝备","咯磊","20 ~ 24技",21技,457
"吝备","咯磊","20 ~ 24技",22技,513
"吝备","咯磊","20 ~ 24技",23技,577
"吝备","咯磊","20 ~ 24技",24技,655
"吝备","咯磊","25 ~ 29技",家拌,3409
"吝备","咯磊","25 ~ 29技",25技,662
"吝备","咯磊","25 ~ 29技",26技,725
"吝备","咯磊","25 ~ 29技",27技,667
"吝备","咯磊","25 ~ 29技",28技,707
"吝备","咯磊","25 ~ 29技",29技,648
"吝备","咯磊","30 ~ 34技",家拌,2702
"吝备","咯磊","30 ~ 34技",30技,610
"吝备","咯磊","30 ~ 34技",31技,567
"吝备","咯磊","30 ~ 34技",32技,539
"吝备","咯磊","30 ~ 34技",33技,461
"吝备","咯磊","30 ~ 34技",34技,525
"吝备","咯磊","35 ~ 39技",家拌,2632
"吝备","咯磊","35 ~ 39技",35技,514
"吝备","咯磊","35 ~ 39技",36技,469
"吝备","咯磊","35 ~ 39技",37技,518
"吝备","咯磊","35 ~ 39技",38技,575
"吝备","咯磊","35 ~ 39技",39技,556
"吝备","咯磊","40 ~ 44技",家拌,2457
"吝备","咯磊","40 ~ 44技",40技,549
"吝备","咯磊","40 ~ 44技",41技,548
"吝备","咯磊","40 ~ 44技",42技,467
"吝备","咯磊","40 ~ 44技",43技,405
"吝备","咯磊","40 ~ 44技",44技,488
"吝备","咯磊","45 ~ 49技",家拌,2687
"吝备","咯磊","45 ~ 49技",45技,488
"吝备","咯磊","45 ~ 49技",46技,513
"吝备","咯磊","45 ~ 49技",47技,565
"吝备","咯磊","45 ~ 49技",48技,572
"吝备","咯磊","45 ~ 49技",49技,549
"吝备","咯磊","50 ~ 54技",家拌,2842
"吝备","咯磊","50 ~ 54技",50技,615
"吝备","咯磊","50 ~ 54技",51技,587
"吝备","咯磊","50 ~ 54技",52技,547
"吝备","咯磊","50 ~ 54技",53技,543
"吝备","咯磊","50 ~ 54技",54技,550
"吝备","咯磊","55 ~ 59技",家拌,2727
"吝备","咯磊","55 ~ 59技",55技,543
"吝备","咯磊","55 ~ 59技",56技,533
"吝备","咯磊","55 ~ 59技",57技,518
"吝备","咯磊","55 ~ 59技",58技,570
"吝备","咯磊","55 ~ 59技",59技,563
"吝备","咯磊","60 ~ 64技",家拌,2947
"吝备","咯磊","60 ~ 64技",60技,651
"吝备","咯磊","60 ~ 64技",61技,636
"吝备","咯磊","60 ~ 64技",62技,571
"吝备","咯磊","60 ~ 64技",63技,539
"吝备","咯磊","60 ~ 64技",64技,550
"吝备","咯磊","65 ~ 69技",家拌,2571
"吝备","咯磊","65 ~ 69技",65技,566
"吝备","咯磊","65 ~ 69技",66技,549
"吝备","咯磊","65 ~ 69技",67技,441
"吝备","咯磊","65 ~ 69技",68技,524
"吝备","咯磊","65 ~ 69技",69技,491
"吝备","咯磊","70 ~ 74技",家拌,2249
"吝备","咯磊","70 ~ 74技",70技,395
"吝备","咯磊","70 ~ 74技",71技,443
"吝备","咯磊","70 ~ 74技",72技,516
"吝备","咯磊","70 ~ 74技",73技,455
"吝备","咯磊","70 ~ 74技",74技,440
"吝备","咯磊","75 ~ 79技",家拌,1826
"吝备","咯磊","75 ~ 79技",75技,295
"吝备","咯磊","75 ~ 79技",76技,332
"吝备","咯磊","75 ~ 79技",77技,424
"吝备","咯磊","75 ~ 79技",78技,407
"吝备","咯磊","75 ~ 79技",79技,368
"吝备","咯磊","80 ~ 84技",家拌,1343
"吝备","咯磊","80 ~ 84技",80技,298
"吝备","咯磊","80 ~ 84技",81技,318
"吝备","咯磊","80 ~ 84技",82技,273
"吝备","咯磊","80 ~ 84技",83技,241
"吝备","咯磊","80 ~ 84技",84技,213
"吝备","咯磊","85 ~ 89技",家拌,698
"吝备","咯磊","85 ~ 89技",85技,188
"吝备","咯磊","85 ~ 89技",86技,166
"吝备","咯磊","85 ~ 89技",87技,138
"吝备","咯磊","85 ~ 89技",88技,109
"吝备","咯磊","85 ~ 89技",89技,97
"吝备","咯磊","90 ~ 94技",家拌,249
"吝备","咯磊","90 ~ 94技",90技,80
"吝备","咯磊","90 ~ 94技",91技,53
"吝备","咯磊","90 ~ 94技",92技,50
"吝备","咯磊","90 ~ 94技",93技,34
"吝备","咯磊","90 ~ 94技",94技,32
"吝备","咯磊","95技 捞惑",家拌,61
"悼备","拌","拌",家拌,339429
"悼备","拌","0 ~ 4技",家拌,10832
"悼备","拌","0 ~ 4技",0技,1784
"悼备","拌","0 ~ 4技",1技,1932
"悼备","拌","0 ~ 4技",2技,2130
"悼备","拌","0 ~ 4技",3技,2352
"悼备","拌","0 ~ 4技",4技,2634
"悼备","拌","5 ~ 9技",家拌,14248
"悼备","拌","5 ~ 9技",5技,2826
"悼备","拌","5 ~ 9技",6技,2923
"悼备","拌","5 ~ 9技",7技,2752
"悼备","拌","5 ~ 9技",8技,2851
"悼备","拌","5 ~ 9技",9技,2896
"悼备","拌","10 ~ 14技",家拌,13063
"悼备","拌","10 ~ 14技",10技,2836
"悼备","拌","10 ~ 14技",11技,2573
"悼备","拌","10 ~ 14技",12技,2517
"悼备","拌","10 ~ 14技",13技,2689
"悼备","拌","10 ~ 14技",14技,2448
"悼备","拌","15 ~ 19技",家拌,13259
"悼备","拌","15 ~ 19技",15技,2281
"悼备","拌","15 ~ 19技",16技,2556
"悼备","拌","15 ~ 19技",17技,2591
"悼备","拌","15 ~ 19技",18技,2837
"悼备","拌","15 ~ 19技",19技,2994
"悼备","拌","20 ~ 24技",家拌,18307
"悼备","拌","20 ~ 24技",20技,3369
"悼备","拌","20 ~ 24技",21技,3694
"悼备","拌","20 ~ 24技",22技,3651
"悼备","拌","20 ~ 24技",23技,3656
"悼备","拌","20 ~ 24技",24技,3937
"悼备","拌","25 ~ 29技",家拌,21716
"悼备","拌","25 ~ 29技",25技,4205
"悼备","拌","25 ~ 29技",26技,4171
"悼备","拌","25 ~ 29技",27技,4379
"悼备","拌","25 ~ 29技",28技,4379
"悼备","拌","25 ~ 29技",29技,4582
"悼备","拌","30 ~ 34技",家拌,20913
"悼备","拌","30 ~ 34技",30技,4151
"悼备","拌","30 ~ 34技",31技,4279
"悼备","拌","30 ~ 34技",32技,4114
"悼备","拌","30 ~ 34技",33技,4124
"悼备","拌","30 ~ 34技",34技,4245
"悼备","拌","35 ~ 39技",家拌,23154
"悼备","拌","35 ~ 39技",35技,4114
"悼备","拌","35 ~ 39技",36技,4191
"悼备","拌","35 ~ 39技",37技,4471
"悼备","拌","35 ~ 39技",38技,4976
"悼备","拌","35 ~ 39技",39技,5402
"悼备","拌","40 ~ 44技",家拌,25003
"悼备","拌","40 ~ 44技",40技,5524
"悼备","拌","40 ~ 44技",41技,5319
"悼备","拌","40 ~ 44技",42技,4780
"悼备","拌","40 ~ 44技",43技,4612
"悼备","拌","40 ~ 44技",44技,4768
"悼备","拌","45 ~ 49技",家拌,25760
"悼备","拌","45 ~ 49技",45技,4685
"悼备","拌","45 ~ 49技",46技,4969
"悼备","拌","45 ~ 49技",47技,5291
"悼备","拌","45 ~ 49技",48技,5342
"悼备","拌","45 ~ 49技",49技,5473
"悼备","拌","50 ~ 54技",家拌,27738
"悼备","拌","50 ~ 54技",50技,5445
"悼备","拌","50 ~ 54技",51技,5564
"悼备","拌","50 ~ 54技",52技,5893
"悼备","拌","50 ~ 54技",53技,5576
"悼备","拌","50 ~ 54技",54技,5260
"悼备","拌","55 ~ 59技",家拌,27838
"悼备","拌","55 ~ 59技",55技,5445
"悼备","拌","55 ~ 59技",56技,5507
"悼备","拌","55 ~ 59技",57技,5246
"悼备","拌","55 ~ 59技",58技,5881
"悼备","拌","55 ~ 59技",59技,5759
"悼备","拌","60 ~ 64技",家拌,29306
"悼备","拌","60 ~ 64技",60技,6583
"悼备","拌","60 ~ 64技",61技,6237
"悼备","拌","60 ~ 64技",62技,5829
"悼备","拌","60 ~ 64技",63技,5371
"悼备","拌","60 ~ 64技",64技,5286
"悼备","拌","65 ~ 69技",家拌,23280
"悼备","拌","65 ~ 69技",65技,5205
"悼备","拌","65 ~ 69技",66技,5145
"悼备","拌","65 ~ 69技",67技,4240
"悼备","拌","65 ~ 69技",68技,4297
"悼备","拌","65 ~ 69技",69技,4393
"悼备","拌","70 ~ 74技",家拌,17587
"悼备","拌","70 ~ 74技",70技,3391
"悼备","拌","70 ~ 74技",71技,3781
"悼备","拌","70 ~ 74技",72技,3766
"悼备","拌","70 ~ 74技",73技,3455
"悼备","拌","70 ~ 74技",74技,3194
"悼备","拌","75 ~ 79技",家拌,12478
"悼备","拌","75 ~ 79技",75技,1959
"悼备","拌","75 ~ 79技",76技,2553
"悼备","拌","75 ~ 79技",77技,2543
"悼备","拌","75 ~ 79技",78技,2814
"悼备","拌","75 ~ 79技",79技,2609
"悼备","拌","80 ~ 84技",家拌,9075
"悼备","拌","80 ~ 84技",80技,2262
"悼备","拌","80 ~ 84技",81技,2073
"悼备","拌","80 ~ 84技",82技,1821
"悼备","拌","80 ~ 84技",83技,1544
"悼备","拌","80 ~ 84技",84技,1375
"悼备","拌","85 ~ 89技",家拌,4353
"悼备","拌","85 ~ 89技",85技,1264
"悼备","拌","85 ~ 89技",86技,1068
"悼备","拌","85 ~ 89技",87技,823
"悼备","拌","85 ~ 89技",88技,662
"悼备","拌","85 ~ 89技",89技,536
"悼备","拌","90 ~ 94技",家拌,1254
"悼备","拌","90 ~ 94技",90技,360
"悼备","拌","90 ~ 94技",91技,321
"悼备","拌","90 ~ 94技",92技,232
"悼备","拌","90 ~ 94技",93技,194
"悼备","拌","90 ~ 94技",94技,147
"悼备","拌","95技 捞惑",家拌,265
"悼备","巢磊","拌",家拌,166362
"悼备","巢磊","0 ~ 4技",家拌,5598
"悼备","巢磊","0 ~ 4技",0技,905
"悼备","巢磊","0 ~ 4技",1技,984
"悼备","巢磊","0 ~ 4技",2技,1081
"悼备","巢磊","0 ~ 4技",3技,1236
"悼备","巢磊","0 ~ 4技",4技,1392
"悼备","巢磊","5 ~ 9技",家拌,7267
"悼备","巢磊","5 ~ 9技",5技,1389
"悼备","巢磊","5 ~ 9技",6技,1510
"悼备","巢磊","5 ~ 9技",7技,1394
"悼备","巢磊","5 ~ 9技",8技,1481
"悼备","巢磊","5 ~ 9技",9技,1493
"悼备","巢磊","10 ~ 14技",家拌,6753
"悼备","巢磊","10 ~ 14技",10技,1476
"悼备","巢磊","10 ~ 14技",11技,1361
"悼备","巢磊","10 ~ 14技",12技,1305
"悼备","巢磊","10 ~ 14技",13技,1344
"悼备","巢磊","10 ~ 14技",14技,1267
"悼备","巢磊","15 ~ 19技",家拌,7041
"悼备","巢磊","15 ~ 19技",15技,1211
"悼备","巢磊","15 ~ 19技",16技,1362
"悼备","巢磊","15 ~ 19技",17技,1373
"悼备","巢磊","15 ~ 19技",18技,1481
"悼备","巢磊","15 ~ 19技",19技,1614
"悼备","巢磊","20 ~ 24技",家拌,9789
"悼备","巢磊","20 ~ 24技",20技,1771
"悼备","巢磊","20 ~ 24技",21技,2053
"悼备","巢磊","20 ~ 24技",22技,1961
"悼备","巢磊","20 ~ 24技",23技,1963
"悼备","巢磊","20 ~ 24技",24技,2041
"悼备","巢磊","25 ~ 29技",家拌,11585
"悼备","巢磊","25 ~ 29技",25技,2255
"悼备","巢磊","25 ~ 29技",26技,2247
"悼备","巢磊","25 ~ 29技",27技,2382
"悼备","巢磊","25 ~ 29技",28技,2257
"悼备","巢磊","25 ~ 29技",29技,2444
"悼备","巢磊","30 ~ 34技",家拌,11110
"悼备","巢磊","30 ~ 34技",30技,2202
"悼备","巢磊","30 ~ 34技",31技,2323
"悼备","巢磊","30 ~ 34技",32技,2206
"悼备","巢磊","30 ~ 34技",33技,2172
"悼备","巢磊","30 ~ 34技",34技,2207
"悼备","巢磊","35 ~ 39技",家拌,11982
"悼备","巢磊","35 ~ 39技",35技,2185
"悼备","巢磊","35 ~ 39技",36技,2216
"悼备","巢磊","35 ~ 39技",37技,2344
"悼备","巢磊","35 ~ 39技",38技,2528
"悼备","巢磊","35 ~ 39技",39技,2709
"悼备","巢磊","40 ~ 44技",家拌,12861
"悼备","巢磊","40 ~ 44技",40技,2853
"悼备","巢磊","40 ~ 44技",41技,2734
"悼备","巢磊","40 ~ 44技",42技,2420
"悼备","巢磊","40 ~ 44技",43技,2390
"悼备","巢磊","40 ~ 44技",44技,2464
"悼备","巢磊","45 ~ 49技",家拌,13118
"悼备","巢磊","45 ~ 49技",45技,2446
"悼备","巢磊","45 ~ 49技",46技,2587
"悼备","巢磊","45 ~ 49技",47技,2646
"悼备","巢磊","45 ~ 49技",48技,2728
"悼备","巢磊","45 ~ 49技",49技,2711
"悼备","巢磊","50 ~ 54技",家拌,13518
"悼备","巢磊","50 ~ 54技",50技,2768
"悼备","巢磊","50 ~ 54技",51技,2720
"悼备","巢磊","50 ~ 54技",52技,2833
"悼备","巢磊","50 ~ 54技",53技,2671
"悼备","巢磊","50 ~ 54技",54技,2526
"悼备","巢磊","55 ~ 59技",家拌,13323
"悼备","巢磊","55 ~ 59技",55技,2633
"悼备","巢磊","55 ~ 59技",56技,2610
"悼备","巢磊","55 ~ 59技",57技,2532
"悼备","巢磊","55 ~ 59技",58技,2825
"悼备","巢磊","55 ~ 59技",59技,2723
"悼备","巢磊","60 ~ 64技",家拌,13659
"悼备","巢磊","60 ~ 64技",60技,3127
"悼备","巢磊","60 ~ 64技",61技,2819
"悼备","巢磊","60 ~ 64技",62技,2719
"悼备","巢磊","60 ~ 64技",63技,2534
"悼备","巢磊","60 ~ 64技",64技,2460
"悼备","巢磊","65 ~ 69技",家拌,10600
"悼备","巢磊","65 ~ 69技",65技,2372
"悼备","巢磊","65 ~ 69技",66技,2351
"悼备","巢磊","65 ~ 69技",67技,1909
"悼备","巢磊","65 ~ 69技",68技,1987
"悼备","巢磊","65 ~ 69技",69技,1981
"悼备","巢磊","70 ~ 74技",家拌,7867
"悼备","巢磊","70 ~ 74技",70技,1541
"悼备","巢磊","70 ~ 74技",71技,1712
"悼备","巢磊","70 ~ 74技",72技,1682
"悼备","巢磊","70 ~ 74技",73技,1551
"悼备","巢磊","70 ~ 74技",74技,1381
"悼备","巢磊","75 ~ 79技",家拌,5211
"悼备","巢磊","75 ~ 79技",75技,870
"悼备","巢磊","75 ~ 79技",76技,1056
"悼备","巢磊","75 ~ 79技",77技,1041
"悼备","巢磊","75 ~ 79技",78技,1172
"悼备","巢磊","75 ~ 79技",79技,1072
"悼备","巢磊","80 ~ 84技",家拌,3420
"悼备","巢磊","80 ~ 84技",80技,912
"悼备","巢磊","80 ~ 84技",81技,795
"悼备","巢磊","80 ~ 84技",82技,693
"悼备","巢磊","80 ~ 84技",83技,536
"悼备","巢磊","80 ~ 84技",84技,484
"悼备","巢磊","85 ~ 89技",家拌,1345
"悼备","巢磊","85 ~ 89技",85技,421
"悼备","巢磊","85 ~ 89技",86技,340
"悼备","巢磊","85 ~ 89技",87技,244
"悼备","巢磊","85 ~ 89技",88技,187
"悼备","巢磊","85 ~ 89技",89技,153
"悼备","巢磊","90 ~ 94技",家拌,272
"悼备","巢磊","90 ~ 94技",90技,90
"悼备","巢磊","90 ~ 94技",91技,72
"悼备","巢磊","90 ~ 94技",92技,47
"悼备","巢磊","90 ~ 94技",93技,39
"悼备","巢磊","90 ~ 94技",94技,24
"悼备","巢磊","95技 捞惑",家拌,43
"悼备","咯磊","拌",家拌,173067
"悼备","咯磊","0 ~ 4技",家拌,5234
"悼备","咯磊","0 ~ 4技",0技,879
"悼备","咯磊","0 ~ 4技",1技,948
"悼备","咯磊","0 ~ 4技",2技,1049
"悼备","咯磊","0 ~ 4技",3技,1116
"悼备","咯磊","0 ~ 4技",4技,1242
"悼备","咯磊","5 ~ 9技",家拌,6981
"悼备","咯磊","5 ~ 9技",5技,1437
"悼备","咯磊","5 ~ 9技",6技,1413
"悼备","咯磊","5 ~ 9技",7技,1358
"悼备","咯磊","5 ~ 9技",8技,1370
"悼备","咯磊","5 ~ 9技",9技,1403
"悼备","咯磊","10 ~ 14技",家拌,6310
"悼备","咯磊","10 ~ 14技",10技,1360
"悼备","咯磊","10 ~ 14技",11技,1212
"悼备","咯磊","10 ~ 14技",12技,1212
"悼备","咯磊","10 ~ 14技",13技,1345
"悼备","咯磊","10 ~ 14技",14技,1181
"悼备","咯磊","15 ~ 19技",家拌,6218
"悼备","咯磊","15 ~ 19技",15技,1070
"悼备","咯磊","15 ~ 19技",16技,1194
"悼备","咯磊","15 ~ 19技",17技,1218
"悼备","咯磊","15 ~ 19技",18技,1356
"悼备","咯磊","15 ~ 19技",19技,1380
"悼备","咯磊","20 ~ 24技",家拌,8518
"悼备","咯磊","20 ~ 24技",20技,1598
"悼备","咯磊","20 ~ 24技",21技,1641
"悼备","咯磊","20 ~ 24技",22技,1690
"悼备","咯磊","20 ~ 24技",23技,1693
"悼备","咯磊","20 ~ 24技",24技,1896
"悼备","咯磊","25 ~ 29技",家拌,10131
"悼备","咯磊","25 ~ 29技",25技,1950
"悼备","咯磊","25 ~ 29技",26技,1924
"悼备","咯磊","25 ~ 29技",27技,1997
"悼备","咯磊","25 ~ 29技",28技,2122
"悼备","咯磊","25 ~ 29技",29技,2138
"悼备","咯磊","30 ~ 34技",家拌,9803
"悼备","咯磊","30 ~ 34技",30技,1949
"悼备","咯磊","30 ~ 34技",31技,1956
"悼备","咯磊","30 ~ 34技",32技,1908
"悼备","咯磊","30 ~ 34技",33技,1952
"悼备","咯磊","30 ~ 34技",34技,2038
"悼备","咯磊","35 ~ 39技",家拌,11172
"悼备","咯磊","35 ~ 39技",35技,1929
"悼备","咯磊","35 ~ 39技",36技,1975
"悼备","咯磊","35 ~ 39技",37技,2127
"悼备","咯磊","35 ~ 39技",38技,2448
"悼备","咯磊","35 ~ 39技",39技,2693
"悼备","咯磊","40 ~ 44技",家拌,12142
"悼备","咯磊","40 ~ 44技",40技,2671
"悼备","咯磊","40 ~ 44技",41技,2585
"悼备","咯磊","40 ~ 44技",42技,2360
"悼备","咯磊","40 ~ 44技",43技,2222
"悼备","咯磊","40 ~ 44技",44技,2304
"悼备","咯磊","45 ~ 49技",家拌,12642
"悼备","咯磊","45 ~ 49技",45技,2239
"悼备","咯磊","45 ~ 49技",46技,2382
"悼备","咯磊","45 ~ 49技",47技,2645
"悼备","咯磊","45 ~ 49技",48技,2614
"悼备","咯磊","45 ~ 49技",49技,2762
"悼备","咯磊","50 ~ 54技",家拌,14220
"悼备","咯磊","50 ~ 54技",50技,2677
"悼备","咯磊","50 ~ 54技",51技,2844
"悼备","咯磊","50 ~ 54技",52技,3060
"悼备","咯磊","50 ~ 54技",53技,2905
"悼备","咯磊","50 ~ 54技",54技,2734
"悼备","咯磊","55 ~ 59技",家拌,14515
"悼备","咯磊","55 ~ 59技",55技,2812
"悼备","咯磊","55 ~ 59技",56技,2897
"悼备","咯磊","55 ~ 59技",57技,2714
"悼备","咯磊","55 ~ 59技",58技,3056
"悼备","咯磊","55 ~ 59技",59技,3036
"悼备","咯磊","60 ~ 64技",家拌,15647
"悼备","咯磊","60 ~ 64技",60技,3456
"悼备","咯磊","60 ~ 64技",61技,3418
"悼备","咯磊","60 ~ 64技",62技,3110
"悼备","咯磊","60 ~ 64技",63技,2837
"悼备","咯磊","60 ~ 64技",64技,2826
"悼备","咯磊","65 ~ 69技",家拌,12680
"悼备","咯磊","65 ~ 69技",65技,2833
"悼备","咯磊","65 ~ 69技",66技,2794
"悼备","咯磊","65 ~ 69技",67技,2331
"悼备","咯磊","65 ~ 69技",68技,2310
"悼备","咯磊","65 ~ 69技",69技,2412
"悼备","咯磊","70 ~ 74技",家拌,9720
"悼备","咯磊","70 ~ 74技",70技,1850
"悼备","咯磊","70 ~ 74技",71技,2069
"悼备","咯磊","70 ~ 74技",72技,2084
"悼备","咯磊","70 ~ 74技",73技,1904
"悼备","咯磊","70 ~ 74技",74技,1813
"悼备","咯磊","75 ~ 79技",家拌,7267
"悼备","咯磊","75 ~ 79技",75技,1089
"悼备","咯磊","75 ~ 79技",76技,1497
"悼备","咯磊","75 ~ 79技",77技,1502
"悼备","咯磊","75 ~ 79技",78技,1642
"悼备","咯磊","75 ~ 79技",79技,1537
"悼备","咯磊","80 ~ 84技",家拌,5655
"悼备","咯磊","80 ~ 84技",80技,1350
"悼备","咯磊","80 ~ 84技",81技,1278
"悼备","咯磊","80 ~ 84技",82技,1128
"悼备","咯磊","80 ~ 84技",83技,1008
"悼备","咯磊","80 ~ 84技",84技,891
"悼备","咯磊","85 ~ 89技",家拌,3008
"悼备","咯磊","85 ~ 89技",85技,843
"悼备","咯磊","85 ~ 89技",86技,728
"悼备","咯磊","85 ~ 89技",87技,579
"悼备","咯磊","85 ~ 89技",88技,475
"悼备","咯磊","85 ~ 89技",89技,383
"悼备","咯磊","90 ~ 94技",家拌,982
"悼备","咯磊","90 ~ 94技",90技,270
"悼备","咯磊","90 ~ 94技",91技,249
"悼备","咯磊","90 ~ 94技",92技,185
"悼备","咯磊","90 ~ 94技",93技,155
"悼备","咯磊","90 ~ 94技",94技,123
"悼备","咯磊","95技 捞惑",家拌,222
"辑备","拌","拌",家拌,167866
"辑备","拌","0 ~ 4技",家拌,2985
"辑备","拌","0 ~ 4技",0技,501
"辑备","拌","0 ~ 4技",1技,543
"辑备","拌","0 ~ 4技",2技,577
"辑备","拌","0 ~ 4技",3技,629
"辑备","拌","0 ~ 4技",4技,735
"辑备","拌","5 ~ 9技",家拌,4250
"辑备","拌","5 ~ 9技",5技,828
"辑备","拌","5 ~ 9技",6技,776
"辑备","拌","5 ~ 9技",7技,830
"辑备","拌","5 ~ 9技",8技,905
"辑备","拌","5 ~ 9技",9技,911
"辑备","拌","10 ~ 14技",家拌,4542
"辑备","拌","10 ~ 14技",10技,965
"辑备","拌","10 ~ 14技",11技,803
"辑备","拌","10 ~ 14技",12技,887
"辑备","拌","10 ~ 14技",13技,949
"辑备","拌","10 ~ 14技",14技,938
"辑备","拌","15 ~ 19技",家拌,5817
"辑备","拌","15 ~ 19技",15技,956
"辑备","拌","15 ~ 19技",16技,1033
"辑备","拌","15 ~ 19技",17技,1161
"辑备","拌","15 ~ 19技",18技,1275
"辑备","拌","15 ~ 19技",19技,1392
"辑备","拌","20 ~ 24技",家拌,9699
"辑备","拌","20 ~ 24技",20技,1824
"辑备","拌","20 ~ 24技",21技,1922
"辑备","拌","20 ~ 24技",22技,1790
"辑备","拌","20 ~ 24技",23技,2016
"辑备","拌","20 ~ 24技",24技,2147
"辑备","拌","25 ~ 29技",家拌,11833
"辑备","拌","25 ~ 29技",25技,2342
"辑备","拌","25 ~ 29技",26技,2380
"辑备","拌","25 ~ 29技",27技,2332
"辑备","拌","25 ~ 29技",28技,2445
"辑备","拌","25 ~ 29技",29技,2334
"辑备","拌","30 ~ 34技",家拌,8846
"辑备","拌","30 ~ 34技",30技,2011
"辑备","拌","30 ~ 34技",31技,1897
"辑备","拌","30 ~ 34技",32技,1760
"辑备","拌","30 ~ 34技",33技,1575
"辑备","拌","30 ~ 34技",34技,1603
"辑备","拌","35 ~ 39技",家拌,8596
"辑备","拌","35 ~ 39技",35技,1588
"辑备","拌","35 ~ 39技",36技,1487
"辑备","拌","35 ~ 39技",37技,1633
"辑备","拌","35 ~ 39技",38技,1924
"辑备","拌","35 ~ 39技",39技,1964
"辑备","拌","40 ~ 44技",家拌,10021
"辑备","拌","40 ~ 44技",40技,2052
"辑备","拌","40 ~ 44技",41技,2084
"辑备","拌","40 ~ 44技",42技,1996
"辑备","拌","40 ~ 44技",43技,1858
"辑备","拌","40 ~ 44技",44技,2031
"辑备","拌","45 ~ 49技",家拌,12150
"辑备","拌","45 ~ 49技",45技,2048
"辑备","拌","45 ~ 49技",46技,2284
"辑备","拌","45 ~ 49技",47技,2465
"辑备","拌","45 ~ 49技",48技,2705
"辑备","拌","45 ~ 49技",49技,2648
"辑备","拌","50 ~ 54技",家拌,15261
"辑备","拌","50 ~ 54技",50技,2869
"辑备","拌","50 ~ 54技",51技,2945
"辑备","拌","50 ~ 54技",52技,3213
"辑备","拌","50 ~ 54技",53技,3192
"辑备","拌","50 ~ 54技",54技,3042
"辑备","拌","55 ~ 59技",家拌,17289
"辑备","拌","55 ~ 59技",55技,3381
"辑备","拌","55 ~ 59技",56技,3428
"辑备","拌","55 ~ 59技",57技,3213
"辑备","拌","55 ~ 59技",58技,3628
"辑备","拌","55 ~ 59技",59技,3639
"辑备","拌","60 ~ 64技",家拌,17568
"辑备","拌","60 ~ 64技",60技,4029
"辑备","拌","60 ~ 64技",61技,3922
"辑备","拌","60 ~ 64技",62技,3378
"辑备","拌","60 ~ 64技",63技,3094
"辑备","拌","60 ~ 64技",64技,3145
"辑备","拌","65 ~ 69技",家拌,13883
"辑备","拌","65 ~ 69技",65技,3094
"辑备","拌","65 ~ 69技",66技,2981
"辑备","拌","65 ~ 69技",67技,2482
"辑备","拌","65 ~ 69技",68技,2668
"辑备","拌","65 ~ 69技",69技,2658
"辑备","拌","70 ~ 74技",家拌,10078
"辑备","拌","70 ~ 74技",70技,1930
"辑备","拌","70 ~ 74技",71技,2152
"辑备","拌","70 ~ 74技",72技,2187
"辑备","拌","70 ~ 74技",73技,1978
"辑备","拌","70 ~ 74技",74技,1831
"辑备","拌","75 ~ 79技",家拌,7065
"辑备","拌","75 ~ 79技",75技,1057
"辑备","拌","75 ~ 79技",76技,1364
"辑备","拌","75 ~ 79技",77技,1486
"辑备","拌","75 ~ 79技",78技,1623
"辑备","拌","75 ~ 79技",79技,1535
"辑备","拌","80 ~ 84技",家拌,4840
"辑备","拌","80 ~ 84技",80技,1192
"辑备","拌","80 ~ 84技",81技,1052
"辑备","拌","80 ~ 84技",82技,1013
"辑备","拌","80 ~ 84技",83技,842
"辑备","拌","80 ~ 84技",84技,741
"辑备","拌","85 ~ 89技",家拌,2284
"辑备","拌","85 ~ 89技",85技,674
"辑备","拌","85 ~ 89技",86技,531
"辑备","拌","85 ~ 89技",87技,443
"辑备","拌","85 ~ 89技",88技,352
"辑备","拌","85 ~ 89技",89技,284
"辑备","拌","90 ~ 94技",家拌,700
"辑备","拌","90 ~ 94技",90技,216
"辑备","拌","90 ~ 94技",91技,165
"辑备","拌","90 ~ 94技",92技,136
"辑备","拌","90 ~ 94技",93技,111
"辑备","拌","90 ~ 94技",94技,72
"辑备","拌","95技 捞惑",家拌,159
"辑备","巢磊","拌",家拌,83923
"辑备","巢磊","0 ~ 4技",家拌,1500
"辑备","巢磊","0 ~ 4技",0技,255
"辑备","巢磊","0 ~ 4技",1技,282
"辑备","巢磊","0 ~ 4技",2技,280
"辑备","巢磊","0 ~ 4技",3技,327
"辑备","巢磊","0 ~ 4技",4技,356
"辑备","巢磊","5 ~ 9技",家拌,2135
"辑备","巢磊","5 ~ 9技",5技,434
"辑备","巢磊","5 ~ 9技",6技,399
"辑备","巢磊","5 ~ 9技",7技,419
"辑备","巢磊","5 ~ 9技",8技,424
"辑备","巢磊","5 ~ 9技",9技,459
"辑备","巢磊","10 ~ 14技",家拌,2312
"辑备","巢磊","10 ~ 14技",10技,479
"辑备","巢磊","10 ~ 14技",11技,408
"辑备","巢磊","10 ~ 14技",12技,460
"辑备","巢磊","10 ~ 14技",13技,508
"辑备","巢磊","10 ~ 14技",14技,457
"辑备","巢磊","15 ~ 19技",家拌,3102
"辑备","巢磊","15 ~ 19技",15技,518
"辑备","巢磊","15 ~ 19技",16技,536
"辑备","巢磊","15 ~ 19技",17技,626
"辑备","巢磊","15 ~ 19技",18技,682
"辑备","巢磊","15 ~ 19技",19技,740
"辑备","巢磊","20 ~ 24技",家拌,5333
"辑备","巢磊","20 ~ 24技",20技,1009
"辑备","巢磊","20 ~ 24技",21技,1041
"辑备","巢磊","20 ~ 24技",22技,981
"辑备","巢磊","20 ~ 24技",23技,1105
"辑备","巢磊","20 ~ 24技",24技,1197
"辑备","巢磊","25 ~ 29技",家拌,6698
"辑备","巢磊","25 ~ 29技",25技,1286
"辑备","巢磊","25 ~ 29技",26技,1332
"辑备","巢磊","25 ~ 29技",27技,1344
"辑备","巢磊","25 ~ 29技",28技,1414
"辑备","巢磊","25 ~ 29技",29技,1322
"辑备","巢磊","30 ~ 34技",家拌,5213
"辑备","巢磊","30 ~ 34技",30技,1134
"辑备","巢磊","30 ~ 34技",31技,1136
"辑备","巢磊","30 ~ 34技",32技,1058
"辑备","巢磊","30 ~ 34技",33技,955
"辑备","巢磊","30 ~ 34技",34技,930
"辑备","巢磊","35 ~ 39技",家拌,4817
"辑备","巢磊","35 ~ 39技",35技,919
"辑备","巢磊","35 ~ 39技",36技,835
"辑备","巢磊","35 ~ 39技",37技,922
"辑备","巢磊","35 ~ 39技",38技,1052
"辑备","巢磊","35 ~ 39技",39技,1089
"辑备","巢磊","40 ~ 44技",家拌,5416
"辑备","巢磊","40 ~ 44技",40技,1114
"辑备","巢磊","40 ~ 44技",41技,1123
"辑备","巢磊","40 ~ 44技",42技,1084
"辑备","巢磊","40 ~ 44技",43技,983
"辑备","巢磊","40 ~ 44技",44技,1112
"辑备","巢磊","45 ~ 49技",家拌,6478
"辑备","巢磊","45 ~ 49技",45技,1110
"辑备","巢磊","45 ~ 49技",46技,1236
"辑备","巢磊","45 ~ 49技",47技,1328
"辑备","巢磊","45 ~ 49技",48技,1407
"辑备","巢磊","45 ~ 49技",49技,1397
"辑备","巢磊","50 ~ 54技",家拌,7665
"辑备","巢磊","50 ~ 54技",50技,1464
"辑备","巢磊","50 ~ 54技",51技,1482
"辑备","巢磊","50 ~ 54技",52技,1603
"辑备","巢磊","50 ~ 54技",53技,1607
"辑备","巢磊","50 ~ 54技",54技,1509
"辑备","巢磊","55 ~ 59技",家拌,8563
"辑备","巢磊","55 ~ 59技",55技,1678
"辑备","巢磊","55 ~ 59技",56技,1706
"辑备","巢磊","55 ~ 59技",57技,1635
"辑备","巢磊","55 ~ 59技",58技,1774
"辑备","巢磊","55 ~ 59技",59技,1770
"辑备","巢磊","60 ~ 64技",家拌,8373
"辑备","巢磊","60 ~ 64技",60技,1912
"辑备","巢磊","60 ~ 64技",61技,1870
"辑备","巢磊","60 ~ 64技",62技,1594
"辑备","巢磊","60 ~ 64技",63技,1500
"辑备","巢磊","60 ~ 64技",64技,1497
"辑备","巢磊","65 ~ 69技",家拌,6323
"辑备","巢磊","65 ~ 69技",65技,1414
"辑备","巢磊","65 ~ 69技",66技,1362
"辑备","巢磊","65 ~ 69技",67技,1145
"辑备","巢磊","65 ~ 69技",68技,1196
"辑备","巢磊","65 ~ 69技",69技,1206
"辑备","巢磊","70 ~ 74技",家拌,4530
"辑备","巢磊","70 ~ 74技",70技,866
"辑备","巢磊","70 ~ 74技",71技,1019
"辑备","巢磊","70 ~ 74技",72技,997
"辑备","巢磊","70 ~ 74技",73技,860
"辑备","巢磊","70 ~ 74技",74技,788
"辑备","巢磊","75 ~ 79技",家拌,2930
"辑备","巢磊","75 ~ 79技",75技,460
"辑备","巢磊","75 ~ 79技",76技,592
"辑备","巢磊","75 ~ 79技",77技,581
"辑备","巢磊","75 ~ 79技",78技,682
"辑备","巢磊","75 ~ 79技",79技,615
"辑备","巢磊","80 ~ 84技",家拌,1769
"辑备","巢磊","80 ~ 84技",80技,463
"辑备","巢磊","80 ~ 84技",81技,394
"辑备","巢磊","80 ~ 84技",82技,370
"辑备","巢磊","80 ~ 84技",83技,296
"辑备","巢磊","80 ~ 84技",84技,246
"辑备","巢磊","85 ~ 89技",家拌,639
"辑备","巢磊","85 ~ 89技",85技,211
"辑备","巢磊","85 ~ 89技",86技,156
"辑备","巢磊","85 ~ 89技",87技,130
"辑备","巢磊","85 ~ 89技",88技,83
"辑备","巢磊","85 ~ 89技",89技,59
"辑备","巢磊","90 ~ 94技",家拌,109
"辑备","巢磊","90 ~ 94技",90技,35
"辑备","巢磊","90 ~ 94技",91技,27
"辑备","巢磊","90 ~ 94技",92技,24
"辑备","巢磊","90 ~ 94技",93技,17
"辑备","巢磊","90 ~ 94技",94技,6
"辑备","巢磊","95技 捞惑",家拌,18
"辑备","咯磊","拌",家拌,83943
"辑备","咯磊","0 ~ 4技",家拌,1485
"辑备","咯磊","0 ~ 4技",0技,246
"辑备","咯磊","0 ~ 4技",1技,261
"辑备","咯磊","0 ~ 4技",2技,297
"辑备","咯磊","0 ~ 4技",3技,302
"辑备","咯磊","0 ~ 4技",4技,379
"辑备","咯磊","5 ~ 9技",家拌,2115
"辑备","咯磊","5 ~ 9技",5技,394
"辑备","咯磊","5 ~ 9技",6技,377
"辑备","咯磊","5 ~ 9技",7技,411
"辑备","咯磊","5 ~ 9技",8技,481
"辑备","咯磊","5 ~ 9技",9技,452
"辑备","咯磊","10 ~ 14技",家拌,2230
"辑备","咯磊","10 ~ 14技",10技,486
"辑备","咯磊","10 ~ 14技",11技,395
"辑备","咯磊","10 ~ 14技",12技,427
"辑备","咯磊","10 ~ 14技",13技,441
"辑备","咯磊","10 ~ 14技",14技,481
"辑备","咯磊","15 ~ 19技",家拌,2715
"辑备","咯磊","15 ~ 19技",15技,438
"辑备","咯磊","15 ~ 19技",16技,497
"辑备","咯磊","15 ~ 19技",17技,535
"辑备","咯磊","15 ~ 19技",18技,593
"辑备","咯磊","15 ~ 19技",19技,652
"辑备","咯磊","20 ~ 24技",家拌,4366
"辑备","咯磊","20 ~ 24技",20技,815
"辑备","咯磊","20 ~ 24技",21技,881
"辑备","咯磊","20 ~ 24技",22技,809
"辑备","咯磊","20 ~ 24技",23技,911
"辑备","咯磊","20 ~ 24技",24技,950
"辑备","咯磊","25 ~ 29技",家拌,5135
"辑备","咯磊","25 ~ 29技",25技,1056
"辑备","咯磊","25 ~ 29技",26技,1048
"辑备","咯磊","25 ~ 29技",27技,988
"辑备","咯磊","25 ~ 29技",28技,1031
"辑备","咯磊","25 ~ 29技",29技,1012
"辑备","咯磊","30 ~ 34技",家拌,3633
"辑备","咯磊","30 ~ 34技",30技,877
"辑备","咯磊","30 ~ 34技",31技,761
"辑备","咯磊","30 ~ 34技",32技,702
"辑备","咯磊","30 ~ 34技",33技,620
"辑备","咯磊","30 ~ 34技",34技,673
"辑备","咯磊","35 ~ 39技",家拌,3779
"辑备","咯磊","35 ~ 39技",35技,669
"辑备","咯磊","35 ~ 39技",36技,652
"辑备","咯磊","35 ~ 39技",37技,711
"辑备","咯磊","35 ~ 39技",38技,872
"辑备","咯磊","35 ~ 39技",39技,875
"辑备","咯磊","40 ~ 44技",家拌,4605
"辑备","咯磊","40 ~ 44技",40技,938
"辑备","咯磊","40 ~ 44技",41技,961
"辑备","咯磊","40 ~ 44技",42技,912
"辑备","咯磊","40 ~ 44技",43技,875
"辑备","咯磊","40 ~ 44技",44技,919
"辑备","咯磊","45 ~ 49技",家拌,5672
"辑备","咯磊","45 ~ 49技",45技,938
"辑备","咯磊","45 ~ 49技",46技,1048
"辑备","咯磊","45 ~ 49技",47技,1137
"辑备","咯磊","45 ~ 49技",48技,1298
"辑备","咯磊","45 ~ 49技",49技,1251
"辑备","咯磊","50 ~ 54技",家拌,7596
"辑备","咯磊","50 ~ 54技",50技,1405
"辑备","咯磊","50 ~ 54技",51技,1463
"辑备","咯磊","50 ~ 54技",52技,1610
"辑备","咯磊","50 ~ 54技",53技,1585
"辑备","咯磊","50 ~ 54技",54技,1533
"辑备","咯磊","55 ~ 59技",家拌,8726
"辑备","咯磊","55 ~ 59技",55技,1703
"辑备","咯磊","55 ~ 59技",56技,1722
"辑备","咯磊","55 ~ 59技",57技,1578
"辑备","咯磊","55 ~ 59技",58技,1854
"辑备","咯磊","55 ~ 59技",59技,1869
"辑备","咯磊","60 ~ 64技",家拌,9195
"辑备","咯磊","60 ~ 64技",60技,2117
"辑备","咯磊","60 ~ 64技",61技,2052
"辑备","咯磊","60 ~ 64技",62技,1784
"辑备","咯磊","60 ~ 64技",63技,1594
"辑备","咯磊","60 ~ 64技",64技,1648
"辑备","咯磊","65 ~ 69技",家拌,7560
"辑备","咯磊","65 ~ 69技",65技,1680
"辑备","咯磊","65 ~ 69技",66技,1619
"辑备","咯磊","65 ~ 69技",67技,1337
"辑备","咯磊","65 ~ 69技",68技,1472
"辑备","咯磊","65 ~ 69技",69技,1452
"辑备","咯磊","70 ~ 74技",家拌,5548
"辑备","咯磊","70 ~ 74技",70技,1064
"辑备","咯磊","70 ~ 74技",71技,1133
"辑备","咯磊","70 ~ 74技",72技,1190
"辑备","咯磊","70 ~ 74技",73技,1118
"辑备","咯磊","70 ~ 74技",74技,1043
"辑备","咯磊","75 ~ 79技",家拌,4135
"辑备","咯磊","75 ~ 79技",75技,597
"辑备","咯磊","75 ~ 79技",76技,772
"辑备","咯磊","75 ~ 79技",77技,905
"辑备","咯磊","75 ~ 79技",78技,941
"辑备","咯磊","75 ~ 79技",79技,920
"辑备","咯磊","80 ~ 84技",家拌,3071
"辑备","咯磊","80 ~ 84技",80技,729
"辑备","咯磊","80 ~ 84技",81技,658
"辑备","咯磊","80 ~ 84技",82技,643
"辑备","咯磊","80 ~ 84技",83技,546
"辑备","咯磊","80 ~ 84技",84技,495
"辑备","咯磊","85 ~ 89技",家拌,1645
"辑备","咯磊","85 ~ 89技",85技,463
"辑备","咯磊","85 ~ 89技",86技,375
"辑备","咯磊","85 ~ 89技",87技,313
"辑备","咯磊","85 ~ 89技",88技,269
"辑备","咯磊","85 ~ 89技",89技,225
"辑备","咯磊","90 ~ 94技",家拌,591
"辑备","咯磊","90 ~ 94技",90技,181
"辑备","咯磊","90 ~ 94技",91技,138
"辑备","咯磊","90 ~ 94技",92技,112
"辑备","咯磊","90 ~ 94技",93技,94
"辑备","咯磊","90 ~ 94技",94技,66
"辑备","咯磊","95技 捞惑",家拌,141
"巢备","拌","拌",家拌,143543
"巢备","拌","0 ~ 4技",家拌,2652
"巢备","拌","0 ~ 4技",0技,478
"巢备","拌","0 ~ 4技",1技,495
"巢备","拌","0 ~ 4技",2技,525
"巢备","拌","0 ~ 4技",3技,540
"巢备","拌","0 ~ 4技",4技,614
"巢备","拌","5 ~ 9技",家拌,3557
"巢备","拌","5 ~ 9技",5技,698
"巢备","拌","5 ~ 9技",6技,635
"巢备","拌","5 ~ 9技",7技,702
"巢备","拌","5 ~ 9技",8技,744
"巢备","拌","5 ~ 9技",9技,778
"巢备","拌","10 ~ 14技",家拌,3887
"巢备","拌","10 ~ 14技",10技,723
"巢备","拌","10 ~ 14技",11技,687
"巢备","拌","10 ~ 14技",12技,776
"巢备","拌","10 ~ 14技",13技,871
"巢备","拌","10 ~ 14技",14技,830
"巢备","拌","15 ~ 19技",家拌,5069
"巢备","拌","15 ~ 19技",15技,835
"巢备","拌","15 ~ 19技",16技,851
"巢备","拌","15 ~ 19技",17技,1073
"巢备","拌","15 ~ 19技",18技,1061
"巢备","拌","15 ~ 19技",19技,1249
"巢备","拌","20 ~ 24技",家拌,9523
"巢备","拌","20 ~ 24技",20技,1592
"巢备","拌","20 ~ 24技",21技,1757
"巢备","拌","20 ~ 24技",22技,1772
"巢备","拌","20 ~ 24技",23技,2132
"巢备","拌","20 ~ 24技",24技,2270
"巢备","拌","25 ~ 29技",家拌,11271
"巢备","拌","25 ~ 29技",25技,2352
"巢备","拌","25 ~ 29技",26技,2336
"巢备","拌","25 ~ 29技",27技,2302
"巢备","拌","25 ~ 29技",28技,2167
"巢备","拌","25 ~ 29技",29技,2114
"巢备","拌","30 ~ 34技",家拌,8079
"巢备","拌","30 ~ 34技",30技,1804
"巢备","拌","30 ~ 34技",31技,1688
"巢备","拌","30 ~ 34技",32技,1675
"巢备","拌","30 ~ 34技",33技,1439
"巢备","拌","30 ~ 34技",34技,1473
"巢备","拌","35 ~ 39技",家拌,8113
"巢备","拌","35 ~ 39技",35技,1549
"巢备","拌","35 ~ 39技",36技,1467
"巢备","拌","35 ~ 39技",37技,1570
"巢备","拌","35 ~ 39技",38技,1746
"巢备","拌","35 ~ 39技",39技,1781
"巢备","拌","40 ~ 44技",家拌,8907
"巢备","拌","40 ~ 44技",40技,1882
"巢备","拌","40 ~ 44技",41技,1809
"巢备","拌","40 ~ 44技",42技,1703
"巢备","拌","40 ~ 44技",43技,1741
"巢备","拌","40 ~ 44技",44技,1772
"巢备","拌","45 ~ 49技",家拌,10467
"巢备","拌","45 ~ 49技",45技,1747
"巢备","拌","45 ~ 49技",46技,1983
"巢备","拌","45 ~ 49技",47技,2083
"巢备","拌","45 ~ 49技",48技,2356
"巢备","拌","45 ~ 49技",49技,2298
"巢备","拌","50 ~ 54技",家拌,12065
"巢备","拌","50 ~ 54技",50技,2392
"巢备","拌","50 ~ 54技",51技,2478
"巢备","拌","50 ~ 54技",52技,2439
"巢备","拌","50 ~ 54技",53技,2427
"巢备","拌","50 ~ 54技",54技,2329
"巢备","拌","55 ~ 59技",家拌,12127
"巢备","拌","55 ~ 59技",55技,2319
"巢备","拌","55 ~ 59技",56技,2331
"巢备","拌","55 ~ 59技",57技,2271
"巢备","拌","55 ~ 59技",58技,2597
"巢备","拌","55 ~ 59技",59技,2609
"巢备","拌","60 ~ 64技",家拌,13261
"巢备","拌","60 ~ 64技",60技,2862
"巢备","拌","60 ~ 64技",61技,2854
"巢备","拌","60 ~ 64技",62技,2615
"巢备","拌","60 ~ 64技",63技,2509
"巢备","拌","60 ~ 64技",64技,2421
"巢备","拌","65 ~ 69技",家拌,11043
"巢备","拌","65 ~ 69技",65技,2442
"巢备","拌","65 ~ 69技",66技,2469
"巢备","拌","65 ~ 69技",67技,1977
"巢备","拌","65 ~ 69技",68技,2108
"巢备","拌","65 ~ 69技",69技,2047
"巢备","拌","70 ~ 74技",家拌,8612
"巢备","拌","70 ~ 74技",70技,1616
"巢备","拌","70 ~ 74技",71技,1767
"巢备","拌","70 ~ 74技",72技,1847
"巢备","拌","70 ~ 74技",73技,1692
"巢备","拌","70 ~ 74技",74技,1690
"巢备","拌","75 ~ 79技",家拌,6409
"巢备","拌","75 ~ 79技",75技,1012
"巢备","拌","75 ~ 79技",76技,1194
"巢备","拌","75 ~ 79技",77技,1331
"巢备","拌","75 ~ 79技",78技,1490
"巢备","拌","75 ~ 79技",79技,1382
"巢备","拌","80 ~ 84技",家拌,4929
"巢备","拌","80 ~ 84技",80技,1205
"巢备","拌","80 ~ 84技",81技,1072
"巢备","拌","80 ~ 84技",82技,1030
"巢备","拌","80 ~ 84技",83技,849
"巢备","拌","80 ~ 84技",84技,773
"巢备","拌","85 ~ 89技",家拌,2611
"巢备","拌","85 ~ 89技",85技,731
"巢备","拌","85 ~ 89技",86技,623
"巢备","拌","85 ~ 89技",87技,504
"巢备","拌","85 ~ 89技",88技,407
"巢备","拌","85 ~ 89技",89技,346
"巢备","拌","90 ~ 94技",家拌,796
"巢备","拌","90 ~ 94技",90技,257
"巢备","拌","90 ~ 94技",91技,169
"巢备","拌","90 ~ 94技",92技,175
"巢备","拌","90 ~ 94技",93技,113
"巢备","拌","90 ~ 94技",94技,82
"巢备","拌","95技 捞惑",家拌,165
"巢备","巢磊","拌",家拌,68486
"巢备","巢磊","0 ~ 4技",家拌,1344
"巢备","巢磊","0 ~ 4技",0技,245
"巢备","巢磊","0 ~ 4技",1技,251
"巢备","巢磊","0 ~ 4技",2技,260
"巢备","巢磊","0 ~ 4技",3技,275
"巢备","巢磊","0 ~ 4技",4技,313
"巢备","巢磊","5 ~ 9技",家拌,1811
"巢备","巢磊","5 ~ 9技",5技,361
"巢备","巢磊","5 ~ 9技",6技,326
"巢备","巢磊","5 ~ 9技",7技,351
"巢备","巢磊","5 ~ 9技",8技,368
"巢备","巢磊","5 ~ 9技",9技,405
"巢备","巢磊","10 ~ 14技",家拌,2035
"巢备","巢磊","10 ~ 14技",10技,384
"巢备","巢磊","10 ~ 14技",11技,353
"巢备","巢磊","10 ~ 14技",12技,403
"巢备","巢磊","10 ~ 14技",13技,454
"巢备","巢磊","10 ~ 14技",14技,441
"巢备","巢磊","15 ~ 19技",家拌,2652
"巢备","巢磊","15 ~ 19技",15技,451
"巢备","巢磊","15 ~ 19技",16技,457
"巢备","巢磊","15 ~ 19技",17技,531
"巢备","巢磊","15 ~ 19技",18技,571
"巢备","巢磊","15 ~ 19技",19技,642
"巢备","巢磊","20 ~ 24技",家拌,4438
"巢备","巢磊","20 ~ 24技",20技,739
"巢备","巢磊","20 ~ 24技",21技,789
"巢备","巢磊","20 ~ 24技",22技,806
"巢备","巢磊","20 ~ 24技",23技,1013
"巢备","巢磊","20 ~ 24技",24技,1091
"巢备","巢磊","25 ~ 29技",家拌,5811
"巢备","巢磊","25 ~ 29技",25技,1173
"巢备","巢磊","25 ~ 29技",26技,1186
"巢备","巢磊","25 ~ 29技",27技,1205
"巢备","巢磊","25 ~ 29技",28技,1135
"巢备","巢磊","25 ~ 29技",29技,1112
"巢备","巢磊","30 ~ 34技",家拌,4330
"巢备","巢磊","30 ~ 34技",30技,952
"巢备","巢磊","30 ~ 34技",31技,880
"巢备","巢磊","30 ~ 34技",32技,922
"巢备","巢磊","30 ~ 34技",33技,774
"巢备","巢磊","30 ~ 34技",34技,802
"巢备","巢磊","35 ~ 39技",家拌,4151
"巢备","巢磊","35 ~ 39技",35技,817
"巢备","巢磊","35 ~ 39技",36技,761
"巢备","巢磊","35 ~ 39技",37技,807
"巢备","巢磊","35 ~ 39技",38技,882
"巢备","巢磊","35 ~ 39技",39技,884
"巢备","巢磊","40 ~ 44技",家拌,4528
"巢备","巢磊","40 ~ 44技",40技,951
"巢备","巢磊","40 ~ 44技",41技,926
"巢备","巢磊","40 ~ 44技",42技,840
"巢备","巢磊","40 ~ 44技",43技,900
"巢备","巢磊","40 ~ 44技",44技,911
"巢备","巢磊","45 ~ 49技",家拌,5258
"巢备","巢磊","45 ~ 49技",45技,866
"巢备","巢磊","45 ~ 49技",46技,981
"巢备","巢磊","45 ~ 49技",47技,1076
"巢备","巢磊","45 ~ 49技",48技,1170
"巢备","巢磊","45 ~ 49技",49技,1165
"巢备","巢磊","50 ~ 54技",家拌,5923
"巢备","巢磊","50 ~ 54技",50技,1194
"巢备","巢磊","50 ~ 54技",51技,1195
"巢备","巢磊","50 ~ 54技",52技,1219
"巢备","巢磊","50 ~ 54技",53技,1209
"巢备","巢磊","50 ~ 54技",54技,1106
"巢备","巢磊","55 ~ 59技",家拌,5819
"巢备","巢磊","55 ~ 59技",55技,1135
"巢备","巢磊","55 ~ 59技",56技,1077
"巢备","巢磊","55 ~ 59技",57技,1064
"巢备","巢磊","55 ~ 59技",58技,1255
"巢备","巢磊","55 ~ 59技",59技,1288
"巢备","巢磊","60 ~ 64技",家拌,6180
"巢备","巢磊","60 ~ 64技",60技,1311
"巢备","巢磊","60 ~ 64技",61技,1346
"巢备","巢磊","60 ~ 64技",62技,1189
"巢备","巢磊","60 ~ 64技",63技,1218
"巢备","巢磊","60 ~ 64技",64技,1116
"巢备","巢磊","65 ~ 69技",家拌,4987
"巢备","巢磊","65 ~ 69技",65技,1119
"巢备","巢磊","65 ~ 69技",66技,1146
"巢备","巢磊","65 ~ 69技",67技,889
"巢备","巢磊","65 ~ 69技",68技,918
"巢备","巢磊","65 ~ 69技",69技,915
"巢备","巢磊","70 ~ 74技",家拌,3763
"巢备","巢磊","70 ~ 74技",70技,697
"巢备","巢磊","70 ~ 74技",71技,840
"巢备","巢磊","70 ~ 74技",72技,800
"巢备","巢磊","70 ~ 74技",73技,721
"巢备","巢磊","70 ~ 74技",74技,705
"巢备","巢磊","75 ~ 79技",家拌,2665
"巢备","巢磊","75 ~ 79技",75技,435
"巢备","巢磊","75 ~ 79技",76技,472
"巢备","巢磊","75 ~ 79技",77技,550
"巢备","巢磊","75 ~ 79技",78技,606
"巢备","巢磊","75 ~ 79技",79技,602
"巢备","巢磊","80 ~ 84技",家拌,1792
"巢备","巢磊","80 ~ 84技",80技,438
"巢备","巢磊","80 ~ 84技",81技,399
"巢备","巢磊","80 ~ 84技",82技,396
"巢备","巢磊","80 ~ 84技",83技,284
"巢备","巢磊","80 ~ 84技",84技,275
"巢备","巢磊","85 ~ 89技",家拌,804
"巢备","巢磊","85 ~ 89技",85技,238
"巢备","巢磊","85 ~ 89技",86技,206
"巢备","巢磊","85 ~ 89技",87技,146
"巢备","巢磊","85 ~ 89技",88技,124
"巢备","巢磊","85 ~ 89技",89技,90
"巢备","巢磊","90 ~ 94技",家拌,172
"巢备","巢磊","90 ~ 94技",90技,59
"巢备","巢磊","90 ~ 94技",91技,33
"巢备","巢磊","90 ~ 94技",92技,41
"巢备","巢磊","90 ~ 94技",93技,23
"巢备","巢磊","90 ~ 94技",94技,16
"巢备","巢磊","95技 捞惑",家拌,23
"巢备","咯磊","拌",家拌,75057
"巢备","咯磊","0 ~ 4技",家拌,1308
"巢备","咯磊","0 ~ 4技",0技,233
"巢备","咯磊","0 ~ 4技",1技,244
"巢备","咯磊","0 ~ 4技",2技,265
"巢备","咯磊","0 ~ 4技",3技,265
"巢备","咯磊","0 ~ 4技",4技,301
"巢备","咯磊","5 ~ 9技",家拌,1746
"巢备","咯磊","5 ~ 9技",5技,337
"巢备","咯磊","5 ~ 9技",6技,309
"巢备","咯磊","5 ~ 9技",7技,351
"巢备","咯磊","5 ~ 9技",8技,376
"巢备","咯磊","5 ~ 9技",9技,373
"巢备","咯磊","10 ~ 14技",家拌,1852
"巢备","咯磊","10 ~ 14技",10技,339
"巢备","咯磊","10 ~ 14技",11技,334
"巢备","咯磊","10 ~ 14技",12技,373
"巢备","咯磊","10 ~ 14技",13技,417
"巢备","咯磊","10 ~ 14技",14技,389
"巢备","咯磊","15 ~ 19技",家拌,2417
"巢备","咯磊","15 ~ 19技",15技,384
"巢备","咯磊","15 ~ 19技",16技,394
"巢备","咯磊","15 ~ 19技",17技,542
"巢备","咯磊","15 ~ 19技",18技,490
"巢备","咯磊","15 ~ 19技",19技,607
"巢备","咯磊","20 ~ 24技",家拌,5085
"巢备","咯磊","20 ~ 24技",20技,853
"巢备","咯磊","20 ~ 24技",21技,968
"巢备","咯磊","20 ~ 24技",22技,966
"巢备","咯磊","20 ~ 24技",23技,1119
"巢备","咯磊","20 ~ 24技",24技,1179
"巢备","咯磊","25 ~ 29技",家拌,5460
"巢备","咯磊","25 ~ 29技",25技,1179
"巢备","咯磊","25 ~ 29技",26技,1150
"巢备","咯磊","25 ~ 29技",27技,1097
"巢备","咯磊","25 ~ 29技",28技,1032
"巢备","咯磊","25 ~ 29技",29技,1002
"巢备","咯磊","30 ~ 34技",家拌,3749
"巢备","咯磊","30 ~ 34技",30技,852
"巢备","咯磊","30 ~ 34技",31技,808
"巢备","咯磊","30 ~ 34技",32技,753
"巢备","咯磊","30 ~ 34技",33技,665
"巢备","咯磊","30 ~ 34技",34技,671
"巢备","咯磊","35 ~ 39技",家拌,3962
"巢备","咯磊","35 ~ 39技",35技,732
"巢备","咯磊","35 ~ 39技",36技,706
"巢备","咯磊","35 ~ 39技",37技,763
"巢备","咯磊","35 ~ 39技",38技,864
"巢备","咯磊","35 ~ 39技",39技,897
"巢备","咯磊","40 ~ 44技",家拌,4379
"巢备","咯磊","40 ~ 44技",40技,931
"巢备","咯磊","40 ~ 44技",41技,883
"巢备","咯磊","40 ~ 44技",42技,863
"巢备","咯磊","40 ~ 44技",43技,841
"巢备","咯磊","40 ~ 44技",44技,861
"巢备","咯磊","45 ~ 49技",家拌,5209
"巢备","咯磊","45 ~ 49技",45技,881
"巢备","咯磊","45 ~ 49技",46技,1002
"巢备","咯磊","45 ~ 49技",47技,1007
"巢备","咯磊","45 ~ 49技",48技,1186
"巢备","咯磊","45 ~ 49技",49技,1133
"巢备","咯磊","50 ~ 54技",家拌,6142
"巢备","咯磊","50 ~ 54技",50技,1198
"巢备","咯磊","50 ~ 54技",51技,1283
"巢备","咯磊","50 ~ 54技",52技,1220
"巢备","咯磊","50 ~ 54技",53技,1218
"巢备","咯磊","50 ~ 54技",54技,1223
"巢备","咯磊","55 ~ 59技",家拌,6308
"巢备","咯磊","55 ~ 59技",55技,1184
"巢备","咯磊","55 ~ 59技",56技,1254
"巢备","咯磊","55 ~ 59技",57技,1207
"巢备","咯磊","55 ~ 59技",58技,1342
"巢备","咯磊","55 ~ 59技",59技,1321
"巢备","咯磊","60 ~ 64技",家拌,7081
"巢备","咯磊","60 ~ 64技",60技,1551
"巢备","咯磊","60 ~ 64技",61技,1508
"巢备","咯磊","60 ~ 64技",62技,1426
"巢备","咯磊","60 ~ 64技",63技,1291
"巢备","咯磊","60 ~ 64技",64技,1305
"巢备","咯磊","65 ~ 69技",家拌,6056
"巢备","咯磊","65 ~ 69技",65技,1323
"巢备","咯磊","65 ~ 69技",66技,1323
"巢备","咯磊","65 ~ 69技",67技,1088
"巢备","咯磊","65 ~ 69技",68技,1190
"巢备","咯磊","65 ~ 69技",69技,1132
"巢备","咯磊","70 ~ 74技",家拌,4849
"巢备","咯磊","70 ~ 74技",70技,919
"巢备","咯磊","70 ~ 74技",71技,927
"巢备","咯磊","70 ~ 74技",72技,1047
"巢备","咯磊","70 ~ 74技",73技,971
"巢备","咯磊","70 ~ 74技",74技,985
"巢备","咯磊","75 ~ 79技",家拌,3744
"巢备","咯磊","75 ~ 79技",75技,577
"巢备","咯磊","75 ~ 79技",76技,722
"巢备","咯磊","75 ~ 79技",77技,781
"巢备","咯磊","75 ~ 79技",78技,884
"巢备","咯磊","75 ~ 79技",79技,780
"巢备","咯磊","80 ~ 84技",家拌,3137
"巢备","咯磊","80 ~ 84技",80技,767
"巢备","咯磊","80 ~ 84技",81技,673
"巢备","咯磊","80 ~ 84技",82技,634
"巢备","咯磊","80 ~ 84技",83技,565
"巢备","咯磊","80 ~ 84技",84技,498
"巢备","咯磊","85 ~ 89技",家拌,1807
"巢备","咯磊","85 ~ 89技",85技,493
"巢备","咯磊","85 ~ 89技",86技,417
"巢备","咯磊","85 ~ 89技",87技,358
"巢备","咯磊","85 ~ 89技",88技,283
"巢备","咯磊","85 ~ 89技",89技,256
"巢备","咯磊","90 ~ 94技",家拌,624
"巢备","咯磊","90 ~ 94技",90技,198
"巢备","咯磊","90 ~ 94技",91技,136
"巢备","咯磊","90 ~ 94技",92技,134
"巢备","咯磊","90 ~ 94技",93技,90
"巢备","咯磊","90 ~ 94技",94技,66
"巢备","咯磊","95技 捞惑",家拌,142
"合备","拌","拌",家拌,439149
"合备","拌","0 ~ 4技",家拌,13831
"合备","拌","0 ~ 4技",0技,2299
"合备","拌","0 ~ 4技",1技,2464
"合备","拌","0 ~ 4技",2技,2720
"合备","拌","0 ~ 4技",3技,3002
"合备","拌","0 ~ 4技",4技,3346
"合备","拌","5 ~ 9技",家拌,18931
"合备","拌","5 ~ 9技",5技,3647
"合备","拌","5 ~ 9技",6技,3747
"合备","拌","5 ~ 9技",7技,3667
"合备","拌","5 ~ 9技",8技,3906
"合备","拌","5 ~ 9技",9技,3964
"合备","拌","10 ~ 14技",家拌,19574
"合备","拌","10 ~ 14技",10技,3963
"合备","拌","10 ~ 14技",11技,3657
"合备","拌","10 ~ 14技",12技,3772
"合备","拌","10 ~ 14技",13技,4149
"合备","拌","10 ~ 14技",14技,4033
"合备","拌","15 ~ 19技",家拌,22097
"合备","拌","15 ~ 19技",15技,3951
"合备","拌","15 ~ 19技",16技,4066
"合备","拌","15 ~ 19技",17技,4528
"合备","拌","15 ~ 19技",18技,4504
"合备","拌","15 ~ 19技",19技,5048
"合备","拌","20 ~ 24技",家拌,32156
"合备","拌","20 ~ 24技",20技,5687
"合备","拌","20 ~ 24技",21技,5970
"合备","拌","20 ~ 24技",22技,5941
"合备","拌","20 ~ 24技",23技,7334
"合备","拌","20 ~ 24技",24技,7224
"合备","拌","25 ~ 29技",家拌,32615
"合备","拌","25 ~ 29技",25技,6975
"合备","拌","25 ~ 29技",26技,6746
"合备","拌","25 ~ 29技",27技,6659
"合备","拌","25 ~ 29技",28技,6278
"合备","拌","25 ~ 29技",29技,5957
"合备","拌","30 ~ 34技",家拌,25945
"合备","拌","30 ~ 34技",30技,5402
"合备","拌","30 ~ 34技",31技,5361
"合备","拌","30 ~ 34技",32技,5089
"合备","拌","30 ~ 34技",33技,4976
"合备","拌","30 ~ 34技",34技,5117
"合备","拌","35 ~ 39技",家拌,28517
"合备","拌","35 ~ 39技",35技,5118
"合备","拌","35 ~ 39技",36技,5001
"合备","拌","35 ~ 39技",37技,5561
"合备","拌","35 ~ 39技",38技,6211
"合备","拌","35 ~ 39技",39技,6626
"合备","拌","40 ~ 44技",家拌,32462
"合备","拌","40 ~ 44技",40技,6795
"合备","拌","40 ~ 44技",41技,6840
"合备","拌","40 ~ 44技",42技,6150
"合备","拌","40 ~ 44技",43技,6287
"合备","拌","40 ~ 44技",44技,6390
"合备","拌","45 ~ 49技",家拌,38250
"合备","拌","45 ~ 49技",45技,6684
"合备","拌","45 ~ 49技",46技,7368
"合备","拌","45 ~ 49技",47技,7935
"合备","拌","45 ~ 49技",48技,8136
"合备","拌","45 ~ 49技",49技,8127
"合备","拌","50 ~ 54技",家拌,40628
"合备","拌","50 ~ 54技",50技,8458
"合备","拌","50 ~ 54技",51技,8184
"合备","拌","50 ~ 54技",52技,8577
"合备","拌","50 ~ 54技",53技,7726
"合备","拌","50 ~ 54技",54技,7683
"合备","拌","55 ~ 59技",家拌,35861
"合备","拌","55 ~ 59技",55技,7381
"合备","拌","55 ~ 59技",56技,7255
"合备","拌","55 ~ 59技",57技,6610
"合备","拌","55 ~ 59技",58技,7598
"合备","拌","55 ~ 59技",59技,7017
"合备","拌","60 ~ 64技",家拌,32975
"合备","拌","60 ~ 64技",60技,7955
"合备","拌","60 ~ 64技",61技,7136
"合备","拌","60 ~ 64技",62技,6545
"合备","拌","60 ~ 64技",63技,5767
"合备","拌","60 ~ 64技",64技,5572
"合备","拌","65 ~ 69技",家拌,22828
"合备","拌","65 ~ 69技",65技,5119
"合备","拌","65 ~ 69技",66技,5103
"合备","拌","65 ~ 69技",67技,4190
"合备","拌","65 ~ 69技",68技,4238
"合备","拌","65 ~ 69技",69技,4178
"合备","拌","70 ~ 74技",家拌,16376
"合备","拌","70 ~ 74技",70技,3218
"合备","拌","70 ~ 74技",71技,3399
"合备","拌","70 ~ 74技",72技,3573
"合备","拌","70 ~ 74技",73技,3283
"合备","拌","70 ~ 74技",74技,2903
"合备","拌","75 ~ 79技",家拌,11929
"合备","拌","75 ~ 79技",75技,1802
"合备","拌","75 ~ 79技",76技,2379
"合备","拌","75 ~ 79技",77技,2440
"合备","拌","75 ~ 79技",78技,2758
"合备","拌","75 ~ 79技",79技,2550
"合备","拌","80 ~ 84技",家拌,8595
"合备","拌","80 ~ 84技",80技,2096
"合备","拌","80 ~ 84技",81技,1981
"合备","拌","80 ~ 84技",82技,1767
"合备","拌","80 ~ 84技",83技,1431
"合备","拌","80 ~ 84技",84技,1320
"合备","拌","85 ~ 89技",家拌,4122
"合备","拌","85 ~ 89技",85技,1138
"合备","拌","85 ~ 89技",86技,1028
"合备","拌","85 ~ 89技",87技,797
"合备","拌","85 ~ 89技",88技,653
"合备","拌","85 ~ 89技",89技,506
"合备","拌","90 ~ 94技",家拌,1207
"合备","拌","90 ~ 94技",90技,382
"合备","拌","90 ~ 94技",91技,300
"合备","拌","90 ~ 94技",92技,235
"合备","拌","90 ~ 94技",93技,165
"合备","拌","90 ~ 94技",94技,125
"合备","拌","95技 捞惑",家拌,250
"合备","巢磊","拌",家拌,218970
"合备","巢磊","0 ~ 4技",家拌,6968
"合备","巢磊","0 ~ 4技",0技,1163
"合备","巢磊","0 ~ 4技",1技,1244
"合备","巢磊","0 ~ 4技",2技,1396
"合备","巢磊","0 ~ 4技",3技,1501
"合备","巢磊","0 ~ 4技",4技,1664
"合备","巢磊","5 ~ 9技",家拌,9617
"合备","巢磊","5 ~ 9技",5技,1833
"合备","巢磊","5 ~ 9技",6技,1914
"合备","巢磊","5 ~ 9技",7技,1851
"合备","巢磊","5 ~ 9技",8技,2004
"合备","巢磊","5 ~ 9技",9技,2015
"合备","巢磊","10 ~ 14技",家拌,10134
"合备","巢磊","10 ~ 14技",10技,2076
"合备","巢磊","10 ~ 14技",11技,1902
"合备","巢磊","10 ~ 14技",12技,1922
"合备","巢磊","10 ~ 14技",13技,2151
"合备","巢磊","10 ~ 14技",14技,2083
"合备","巢磊","15 ~ 19技",家拌,11558
"合备","巢磊","15 ~ 19技",15技,2026
"合备","巢磊","15 ~ 19技",16技,2081
"合备","巢磊","15 ~ 19技",17技,2417
"合备","巢磊","15 ~ 19技",18技,2376
"合备","巢磊","15 ~ 19技",19技,2658
"合备","巢磊","20 ~ 24技",家拌,16700
"合备","巢磊","20 ~ 24技",20技,2964
"合备","巢磊","20 ~ 24技",21技,3139
"合备","巢磊","20 ~ 24技",22技,3139
"合备","巢磊","20 ~ 24技",23技,3782
"合备","巢磊","20 ~ 24技",24技,3676
"合备","巢磊","25 ~ 29技",家拌,18153
"合备","巢磊","25 ~ 29技",25技,3638
"合备","巢磊","25 ~ 29技",26技,3761
"合备","巢磊","25 ~ 29技",27技,3823
"合备","巢磊","25 ~ 29技",28技,3575
"合备","巢磊","25 ~ 29技",29技,3356
"合备","巢磊","30 ~ 34技",家拌,14087
"合备","巢磊","30 ~ 34技",30技,2948
"合备","巢磊","30 ~ 34技",31技,2950
"合备","巢磊","30 ~ 34技",32技,2738
"合备","巢磊","30 ~ 34技",33技,2695
"合备","巢磊","30 ~ 34技",34技,2756
"合备","巢磊","35 ~ 39技",家拌,14820
"合备","巢磊","35 ~ 39技",35技,2734
"合备","巢磊","35 ~ 39技",36技,2703
"合备","巢磊","35 ~ 39技",37技,2899
"合备","巢磊","35 ~ 39技",38技,3125
"合备","巢磊","35 ~ 39技",39技,3359
"合备","巢磊","40 ~ 44技",家拌,16161
"合备","巢磊","40 ~ 44技",40技,3372
"合备","巢磊","40 ~ 44技",41技,3433
"合备","巢磊","40 ~ 44技",42技,3096
"合备","巢磊","40 ~ 44技",43技,3072
"合备","巢磊","40 ~ 44技",44技,3188
"合备","巢磊","45 ~ 49技",家拌,18588
"合备","巢磊","45 ~ 49技",45技,3251
"合备","巢磊","45 ~ 49技",46技,3565
"合备","巢磊","45 ~ 49技",47技,3832
"合备","巢磊","45 ~ 49技",48技,3962
"合备","巢磊","45 ~ 49技",49技,3978
"合备","巢磊","50 ~ 54技",家拌,20178
"合备","巢磊","50 ~ 54技",50技,4166
"合备","巢磊","50 ~ 54技",51技,4071
"合备","巢磊","50 ~ 54技",52技,4251
"合备","巢磊","50 ~ 54技",53技,3833
"合备","巢磊","50 ~ 54技",54技,3857
"合备","巢磊","55 ~ 59技",家拌,17855
"合备","巢磊","55 ~ 59技",55技,3670
"合备","巢磊","55 ~ 59技",56技,3541
"合备","巢磊","55 ~ 59技",57技,3260
"合备","巢磊","55 ~ 59技",58技,3829
"合备","巢磊","55 ~ 59技",59技,3555
"合备","巢磊","60 ~ 64技",家拌,16404
"合备","巢磊","60 ~ 64技",60技,3908
"合备","巢磊","60 ~ 64技",61技,3485
"合备","巢磊","60 ~ 64技",62技,3282
"合备","巢磊","60 ~ 64技",63技,2964
"合备","巢磊","60 ~ 64技",64技,2765
"合备","巢磊","65 ~ 69技",家拌,10831
"合备","巢磊","65 ~ 69技",65技,2482
"合备","巢磊","65 ~ 69技",66技,2413
"合备","巢磊","65 ~ 69技",67技,1992
"合备","巢磊","65 ~ 69技",68技,1971
"合备","巢磊","65 ~ 69技",69技,1973
"合备","巢磊","70 ~ 74技",家拌,7330
"合备","巢磊","70 ~ 74技",70技,1486
"合备","巢磊","70 ~ 74技",71技,1556
"合备","巢磊","70 ~ 74技",72技,1583
"合备","巢磊","70 ~ 74技",73技,1440
"合备","巢磊","70 ~ 74技",74技,1265
"合备","巢磊","75 ~ 79技",家拌,4931
"合备","巢磊","75 ~ 79技",75技,779
"合备","巢磊","75 ~ 79技",76技,965
"合备","巢磊","75 ~ 79技",77技,968
"合备","巢磊","75 ~ 79技",78技,1163
"合备","巢磊","75 ~ 79技",79技,1056
"合备","巢磊","80 ~ 84技",家拌,3183
"合备","巢磊","80 ~ 84技",80技,808
"合备","巢磊","80 ~ 84技",81技,745
"合备","巢磊","80 ~ 84技",82技,683
"合备","巢磊","80 ~ 84技",83技,515
"合备","巢磊","80 ~ 84技",84技,432
"合备","巢磊","85 ~ 89技",家拌,1195
"合备","巢磊","85 ~ 89技",85技,366
"合备","巢磊","85 ~ 89技",86技,313
"合备","巢磊","85 ~ 89技",87技,221
"合备","巢磊","85 ~ 89技",88技,169
"合备","巢磊","85 ~ 89技",89技,126
"合备","巢磊","90 ~ 94技",家拌,243
"合备","巢磊","90 ~ 94技",90技,80
"合备","巢磊","90 ~ 94技",91技,55
"合备","巢磊","90 ~ 94技",92技,48
"合备","巢磊","90 ~ 94技",93技,33
"合备","巢磊","90 ~ 94技",94技,27
"合备","巢磊","95技 捞惑",家拌,34
"合备","咯磊","拌",家拌,220179
"合备","咯磊","0 ~ 4技",家拌,6863
"合备","咯磊","0 ~ 4技",0技,1136
"合备","咯磊","0 ~ 4技",1技,1220
"合备","咯磊","0 ~ 4技",2技,1324
"合备","咯磊","0 ~ 4技",3技,1501
"合备","咯磊","0 ~ 4技",4技,1682
"合备","咯磊","5 ~ 9技",家拌,9314
"合备","咯磊","5 ~ 9技",5技,1814
"合备","咯磊","5 ~ 9技",6技,1833
"合备","咯磊","5 ~ 9技",7技,1816
"合备","咯磊","5 ~ 9技",8技,1902
"合备","咯磊","5 ~ 9技",9技,1949
"合备","咯磊","10 ~ 14技",家拌,9440
"合备","咯磊","10 ~ 14技",10技,1887
"合备","咯磊","10 ~ 14技",11技,1755
"合备","咯磊","10 ~ 14技",12技,1850
"合备","咯磊","10 ~ 14技",13技,1998
"合备","咯磊","10 ~ 14技",14技,1950
"合备","咯磊","15 ~ 19技",家拌,10539
"合备","咯磊","15 ~ 19技",15技,1925
"合备","咯磊","15 ~ 19技",16技,1985
"合备","咯磊","15 ~ 19技",17技,2111
"合备","咯磊","15 ~ 19技",18技,2128
"合备","咯磊","15 ~ 19技",19技,2390
"合备","咯磊","20 ~ 24技",家拌,15456
"合备","咯磊","20 ~ 24技",20技,2723
"合备","咯磊","20 ~ 24技",21技,2831
"合备","咯磊","20 ~ 24技",22技,2802
"合备","咯磊","20 ~ 24技",23技,3552
"合备","咯磊","20 ~ 24技",24技,3548
"合备","咯磊","25 ~ 29技",家拌,14462
"合备","咯磊","25 ~ 29技",25技,3337
"合备","咯磊","25 ~ 29技",26技,2985
"合备","咯磊","25 ~ 29技",27技,2836
"合备","咯磊","25 ~ 29技",28技,2703
"合备","咯磊","25 ~ 29技",29技,2601
"合备","咯磊","30 ~ 34技",家拌,11858
"合备","咯磊","30 ~ 34技",30技,2454
"合备","咯磊","30 ~ 34技",31技,2411
"合备","咯磊","30 ~ 34技",32技,2351
"合备","咯磊","30 ~ 34技",33技,2281
"合备","咯磊","30 ~ 34技",34技,2361
"合备","咯磊","35 ~ 39技",家拌,13697
"合备","咯磊","35 ~ 39技",35技,2384
"合备","咯磊","35 ~ 39技",36技,2298
"合备","咯磊","35 ~ 39技",37技,2662
"合备","咯磊","35 ~ 39技",38技,3086
"合备","咯磊","35 ~ 39技",39技,3267
"合备","咯磊","40 ~ 44技",家拌,16301
"合备","咯磊","40 ~ 44技",40技,3423
"合备","咯磊","40 ~ 44技",41技,3407
"合备","咯磊","40 ~ 44技",42技,3054
"合备","咯磊","40 ~ 44技",43技,3215
"合备","咯磊","40 ~ 44技",44技,3202
"合备","咯磊","45 ~ 49技",家拌,19662
"合备","咯磊","45 ~ 49技",45技,3433
"合备","咯磊","45 ~ 49技",46技,3803
"合备","咯磊","45 ~ 49技",47技,4103
"合备","咯磊","45 ~ 49技",48技,4174
"合备","咯磊","45 ~ 49技",49技,4149
"合备","咯磊","50 ~ 54技",家拌,20450
"合备","咯磊","50 ~ 54技",50技,4292
"合备","咯磊","50 ~ 54技",51技,4113
"合备","咯磊","50 ~ 54技",52技,4326
"合备","咯磊","50 ~ 54技",53技,3893
"合备","咯磊","50 ~ 54技",54技,3826
"合备","咯磊","55 ~ 59技",家拌,18006
"合备","咯磊","55 ~ 59技",55技,3711
"合备","咯磊","55 ~ 59技",56技,3714
"合备","咯磊","55 ~ 59技",57技,3350
"合备","咯磊","55 ~ 59技",58技,3769
"合备","咯磊","55 ~ 59技",59技,3462
"合备","咯磊","60 ~ 64技",家拌,16571
"合备","咯磊","60 ~ 64技",60技,4047
"合备","咯磊","60 ~ 64技",61技,3651
"合备","咯磊","60 ~ 64技",62技,3263
"合备","咯磊","60 ~ 64技",63技,2803
"合备","咯磊","60 ~ 64技",64技,2807
"合备","咯磊","65 ~ 69技",家拌,11997
"合备","咯磊","65 ~ 69技",65技,2637
"合备","咯磊","65 ~ 69技",66技,2690
"合备","咯磊","65 ~ 69技",67技,2198
"合备","咯磊","65 ~ 69技",68技,2267
"合备","咯磊","65 ~ 69技",69技,2205
"合备","咯磊","70 ~ 74技",家拌,9046
"合备","咯磊","70 ~ 74技",70技,1732
"合备","咯磊","70 ~ 74技",71技,1843
"合备","咯磊","70 ~ 74技",72技,1990
"合备","咯磊","70 ~ 74技",73技,1843
"合备","咯磊","70 ~ 74技",74技,1638
"合备","咯磊","75 ~ 79技",家拌,6998
"合备","咯磊","75 ~ 79技",75技,1023
"合备","咯磊","75 ~ 79技",76技,1414
"合备","咯磊","75 ~ 79技",77技,1472
"合备","咯磊","75 ~ 79技",78技,1595
"合备","咯磊","75 ~ 79技",79技,1494
"合备","咯磊","80 ~ 84技",家拌,5412
"合备","咯磊","80 ~ 84技",80技,1288
"合备","咯磊","80 ~ 84技",81技,1236
"合备","咯磊","80 ~ 84技",82技,1084
"合备","咯磊","80 ~ 84技",83技,916
"合备","咯磊","80 ~ 84技",84技,888
"合备","咯磊","85 ~ 89技",家拌,2927
"合备","咯磊","85 ~ 89技",85技,772
"合备","咯磊","85 ~ 89技",86技,715
"合备","咯磊","85 ~ 89技",87技,576
"合备","咯磊","85 ~ 89技",88技,484
"合备","咯磊","85 ~ 89技",89技,380
"合备","咯磊","90 ~ 94技",家拌,964
"合备","咯磊","90 ~ 94技",90技,302
"合备","咯磊","90 ~ 94技",91技,245
"合备","咯磊","90 ~ 94技",92技,187
"合备","咯磊","90 ~ 94技",93技,132
"合备","咯磊","90 ~ 94技",94技,98
"合备","咯磊","95技 捞惑",家拌,216
"荐己备","拌","拌",家拌,409532
"荐己备","拌","0 ~ 4技",家拌,9505
"荐己备","拌","0 ~ 4技",0技,1360
"荐己备","拌","0 ~ 4技",1技,1557
"荐己备","拌","0 ~ 4技",2技,1798
"荐己备","拌","0 ~ 4技",3技,2117
"荐己备","拌","0 ~ 4技",4技,2673
"荐己备","拌","5 ~ 9技",家拌,18875
"荐己备","拌","5 ~ 9技",5技,3251
"荐己备","拌","5 ~ 9技",6技,3483
"荐己备","拌","5 ~ 9技",7技,3720
"荐己备","拌","5 ~ 9技",8技,4111
"荐己备","拌","5 ~ 9技",9技,4310
"荐己备","拌","10 ~ 14技",家拌,23832
"荐己备","拌","10 ~ 14技",10技,4528
"荐己备","拌","10 ~ 14技",11技,4360
"荐己备","拌","10 ~ 14技",12技,4691
"荐己备","拌","10 ~ 14技",13技,5268
"荐己备","拌","10 ~ 14技",14技,4985
"荐己备","拌","15 ~ 19技",家拌,24841
"荐己备","拌","15 ~ 19技",15技,4784
"荐己备","拌","15 ~ 19技",16技,4795
"荐己备","拌","15 ~ 19技",17技,5216
"荐己备","拌","15 ~ 19技",18技,5006
"荐己备","拌","15 ~ 19技",19技,5040
"荐己备","拌","20 ~ 24技",家拌,27436
"荐己备","拌","20 ~ 24技",20技,6051
"荐己备","拌","20 ~ 24技",21技,5921
"荐己备","拌","20 ~ 24技",22技,5428
"荐己备","拌","20 ~ 24技",23技,5051
"荐己备","拌","20 ~ 24技",24技,4985
"荐己备","拌","25 ~ 29技",家拌,22751
"荐己备","拌","25 ~ 29技",25技,5025
"荐己备","拌","25 ~ 29技",26技,4633
"荐己备","拌","25 ~ 29技",27技,4529
"荐己备","拌","25 ~ 29技",28技,4318
"荐己备","拌","25 ~ 29技",29技,4246
"荐己备","拌","30 ~ 34技",家拌,18012
"荐己备","拌","30 ~ 34技",30技,3726
"荐己备","拌","30 ~ 34技",31技,3853
"荐己备","拌","30 ~ 34技",32技,3519
"荐己备","拌","30 ~ 34技",33技,3399
"荐己备","拌","30 ~ 34技",34技,3515
"荐己备","拌","35 ~ 39技",家拌,22879
"荐己备","拌","35 ~ 39技",35技,3658
"荐己备","拌","35 ~ 39技",36技,3755
"荐己备","拌","35 ~ 39技",37技,4531
"荐己备","拌","35 ~ 39技",38技,5127
"荐己备","拌","35 ~ 39技",39技,5808
"荐己备","拌","40 ~ 44技",家拌,31311
"荐己备","拌","40 ~ 44技",40技,6172
"荐己备","拌","40 ~ 44技",41技,6421
"荐己备","拌","40 ~ 44技",42技,6178
"荐己备","拌","40 ~ 44技",43技,6157
"荐己备","拌","40 ~ 44技",44技,6383
"荐己备","拌","45 ~ 49技",家拌,38096
"荐己备","拌","45 ~ 49技",45技,6726
"荐己备","拌","45 ~ 49技",46技,7258
"荐己备","拌","45 ~ 49技",47技,7774
"荐己备","拌","45 ~ 49技",48技,8141
"荐己备","拌","45 ~ 49技",49技,8197
"荐己备","拌","50 ~ 54技",家拌,40061
"荐己备","拌","50 ~ 54技",50技,8523
"荐己备","拌","50 ~ 54技",51技,8217
"荐己备","拌","50 ~ 54技",52技,8335
"荐己备","拌","50 ~ 54技",53技,7734
"荐己备","拌","50 ~ 54技",54技,7252
"荐己备","拌","55 ~ 59技",家拌,33519
"荐己备","拌","55 ~ 59技",55技,6914
"荐己备","拌","55 ~ 59技",56技,6926
"荐己备","拌","55 ~ 59技",57技,6256
"荐己备","拌","55 ~ 59技",58技,7022
"荐己备","拌","55 ~ 59技",59技,6401
"荐己备","拌","60 ~ 64技",家拌,30789
"荐己备","拌","60 ~ 64技",60技,7021
"荐己备","拌","60 ~ 64技",61技,6705
"荐己备","拌","60 ~ 64技",62技,6055
"荐己备","拌","60 ~ 64技",63技,5521
"荐己备","拌","60 ~ 64技",64技,5487
"荐己备","拌","65 ~ 69技",家拌,22722
"荐己备","拌","65 ~ 69技",65技,5054
"荐己备","拌","65 ~ 69技",66技,5093
"荐己备","拌","65 ~ 69技",67技,4098
"荐己备","拌","65 ~ 69技",68技,4395
"荐己备","拌","65 ~ 69技",69技,4082
"荐己备","拌","70 ~ 74技",家拌,16741
"荐己备","拌","70 ~ 74技",70技,3273
"荐己备","拌","70 ~ 74技",71技,3599
"荐己备","拌","70 ~ 74技",72技,3490
"荐己备","拌","70 ~ 74技",73技,3308
"荐己备","拌","70 ~ 74技",74技,3071
"荐己备","拌","75 ~ 79技",家拌,12060
"荐己备","拌","75 ~ 79技",75技,1862
"荐己备","拌","75 ~ 79技",76技,2348
"荐己备","拌","75 ~ 79技",77技,2533
"荐己备","拌","75 ~ 79技",78技,2781
"荐己备","拌","75 ~ 79技",79技,2536
"荐己备","拌","80 ~ 84技",家拌,9130
"荐己备","拌","80 ~ 84技",80技,2178
"荐己备","拌","80 ~ 84技",81技,2026
"荐己备","拌","80 ~ 84技",82技,1822
"荐己备","拌","80 ~ 84技",83技,1666
"荐己备","拌","80 ~ 84技",84技,1438
"荐己备","拌","85 ~ 89技",家拌,5089
"荐己备","拌","85 ~ 89技",85技,1398
"荐己备","拌","85 ~ 89技",86技,1245
"荐己备","拌","85 ~ 89技",87技,962
"荐己备","拌","85 ~ 89技",88技,813
"荐己备","拌","85 ~ 89技",89技,671
"荐己备","拌","90 ~ 94技",家拌,1561
"荐己备","拌","90 ~ 94技",90技,504
"荐己备","拌","90 ~ 94技",91技,359
"荐己备","拌","90 ~ 94技",92技,300
"荐己备","拌","90 ~ 94技",93技,228
"荐己备","拌","90 ~ 94技",94技,170
"荐己备","拌","95技 捞惑",家拌,322
"荐己备","巢磊","拌",家拌,198902
"荐己备","巢磊","0 ~ 4技",家拌,4880
"荐己备","巢磊","0 ~ 4技",0技,701
"荐己备","巢磊","0 ~ 4技",1技,801
"荐己备","巢磊","0 ~ 4技",2技,926
"荐己备","巢磊","0 ~ 4技",3技,1085
"荐己备","巢磊","0 ~ 4技",4技,1367
"荐己备","巢磊","5 ~ 9技",家拌,9734
"荐己备","巢磊","5 ~ 9技",5技,1713
"荐己备","巢磊","5 ~ 9技",6技,1777
"荐己备","巢磊","5 ~ 9技",7技,1923
"荐己备","巢磊","5 ~ 9技",8技,2125
"荐己备","巢磊","5 ~ 9技",9技,2196
"荐己备","巢磊","10 ~ 14技",家拌,12467
"荐己备","巢磊","10 ~ 14技",10技,2328
"荐己备","巢磊","10 ~ 14技",11技,2290
"荐己备","巢磊","10 ~ 14技",12技,2505
"荐己备","巢磊","10 ~ 14技",13技,2747
"荐己备","巢磊","10 ~ 14技",14技,2597
"荐己备","巢磊","15 ~ 19技",家拌,13254
"荐己备","巢磊","15 ~ 19技",15技,2557
"荐己备","巢磊","15 ~ 19技",16技,2558
"荐己备","巢磊","15 ~ 19技",17技,2746
"荐己备","巢磊","15 ~ 19技",18技,2716
"荐己备","巢磊","15 ~ 19技",19技,2677
"荐己备","巢磊","20 ~ 24技",家拌,14890
"荐己备","巢磊","20 ~ 24技",20技,3305
"荐己备","巢磊","20 ~ 24技",21技,3227
"荐己备","巢磊","20 ~ 24技",22技,2979
"荐己备","巢磊","20 ~ 24技",23技,2663
"荐己备","巢磊","20 ~ 24技",24技,2716
"荐己备","巢磊","25 ~ 29技",家拌,12237
"荐己备","巢磊","25 ~ 29技",25技,2793
"荐己备","巢磊","25 ~ 29技",26技,2573
"荐己备","巢磊","25 ~ 29技",27技,2366
"荐己备","巢磊","25 ~ 29技",28技,2304
"荐己备","巢磊","25 ~ 29技",29技,2201
"荐己备","巢磊","30 ~ 34技",家拌,9335
"荐己备","巢磊","30 ~ 34技",30技,1923
"荐己备","巢磊","30 ~ 34技",31技,1991
"荐己备","巢磊","30 ~ 34技",32技,1901
"荐己备","巢磊","30 ~ 34技",33技,1737
"荐己备","巢磊","30 ~ 34技",34技,1783
"荐己备","巢磊","35 ~ 39技",家拌,10663
"荐己备","巢磊","35 ~ 39技",35技,1798
"荐己备","巢磊","35 ~ 39技",36技,1809
"荐己备","巢磊","35 ~ 39技",37技,2116
"荐己备","巢磊","35 ~ 39技",38技,2288
"荐己备","巢磊","35 ~ 39技",39技,2652
"荐己备","巢磊","40 ~ 44技",家拌,14279
"荐己备","巢磊","40 ~ 44技",40技,2805
"荐己备","巢磊","40 ~ 44技",41技,2853
"荐己备","巢磊","40 ~ 44技",42技,2847
"荐己备","巢磊","40 ~ 44技",43技,2797
"荐己备","巢磊","40 ~ 44技",44技,2977
"荐己备","巢磊","45 ~ 49技",家拌,17586
"荐己备","巢磊","45 ~ 49技",45技,3095
"荐己备","巢磊","45 ~ 49技",46技,3282
"荐己备","巢磊","45 ~ 49技",47技,3550
"荐己备","巢磊","45 ~ 49技",48技,3775
"荐己备","巢磊","45 ~ 49技",49技,3884
"荐己备","巢磊","50 ~ 54技",家拌,19274
"荐己备","巢磊","50 ~ 54技",50技,4041
"荐己备","巢磊","50 ~ 54技",51技,3885
"荐己备","巢磊","50 ~ 54技",52技,4035
"荐己备","巢磊","50 ~ 54技",53技,3749
"荐己备","巢磊","50 ~ 54技",54技,3564
"荐己备","巢磊","55 ~ 59技",家拌,16431
"荐己备","巢磊","55 ~ 59技",55技,3477
"荐己备","巢磊","55 ~ 59技",56技,3347
"荐己备","巢磊","55 ~ 59技",57技,3100
"荐己备","巢磊","55 ~ 59技",58技,3406
"荐己备","巢磊","55 ~ 59技",59技,3101
"荐己备","巢磊","60 ~ 64技",家拌,14808
"荐己备","巢磊","60 ~ 64技",60技,3408
"荐己备","巢磊","60 ~ 64技",61技,3209
"荐己备","巢磊","60 ~ 64技",62技,2961
"荐己备","巢磊","60 ~ 64技",63技,2611
"荐己备","巢磊","60 ~ 64技",64技,2619
"荐己备","巢磊","65 ~ 69技",家拌,10543
"荐己备","巢磊","65 ~ 69技",65技,2389
"荐己备","巢磊","65 ~ 69技",66技,2390
"荐己备","巢磊","65 ~ 69技",67技,1890
"荐己备","巢磊","65 ~ 69技",68技,2021
"荐己备","巢磊","65 ~ 69技",69技,1853
"荐己备","巢磊","70 ~ 74技",家拌,7510
"荐己备","巢磊","70 ~ 74技",70技,1472
"荐己备","巢磊","70 ~ 74技",71技,1675
"荐己备","巢磊","70 ~ 74技",72技,1542
"荐己备","巢磊","70 ~ 74技",73技,1506
"荐己备","巢磊","70 ~ 74技",74技,1315
"荐己备","巢磊","75 ~ 79技",家拌,5240
"荐己备","巢磊","75 ~ 79技",75技,868
"荐己备","巢磊","75 ~ 79技",76技,1003
"荐己备","巢磊","75 ~ 79技",77技,1091
"荐己备","巢磊","75 ~ 79技",78技,1186
"荐己备","巢磊","75 ~ 79技",79技,1092
"荐己备","巢磊","80 ~ 84技",家拌,3566
"荐己备","巢磊","80 ~ 84技",80技,882
"荐己备","巢磊","80 ~ 84技",81技,820
"荐己备","巢磊","80 ~ 84技",82技,708
"荐己备","巢磊","80 ~ 84技",83技,622
"荐己备","巢磊","80 ~ 84技",84技,534
"荐己备","巢磊","85 ~ 89技",家拌,1733
"荐己备","巢磊","85 ~ 89技",85技,483
"荐己备","巢磊","85 ~ 89技",86技,450
"荐己备","巢磊","85 ~ 89技",87技,331
"荐己备","巢磊","85 ~ 89技",88技,266
"荐己备","巢磊","85 ~ 89技",89技,203
"荐己备","巢磊","90 ~ 94技",家拌,402
"荐己备","巢磊","90 ~ 94技",90技,138
"荐己备","巢磊","90 ~ 94技",91技,90
"荐己备","巢磊","90 ~ 94技",92技,71
"荐己备","巢磊","90 ~ 94技",93技,57
"荐己备","巢磊","90 ~ 94技",94技,46
"荐己备","巢磊","95技 捞惑",家拌,70
"荐己备","咯磊","拌",家拌,210630
"荐己备","咯磊","0 ~ 4技",家拌,4625
"荐己备","咯磊","0 ~ 4技",0技,659
"荐己备","咯磊","0 ~ 4技",1技,756
"荐己备","咯磊","0 ~ 4技",2技,872
"荐己备","咯磊","0 ~ 4技",3技,1032
"荐己备","咯磊","0 ~ 4技",4技,1306
"荐己备","咯磊","5 ~ 9技",家拌,9141
"荐己备","咯磊","5 ~ 9技",5技,1538
"荐己备","咯磊","5 ~ 9技",6技,1706
"荐己备","咯磊","5 ~ 9技",7技,1797
"荐己备","咯磊","5 ~ 9技",8技,1986
"荐己备","咯磊","5 ~ 9技",9技,2114
"荐己备","咯磊","10 ~ 14技",家拌,11365
"荐己备","咯磊","10 ~ 14技",10技,2200
"荐己备","咯磊","10 ~ 14技",11技,2070
"荐己备","咯磊","10 ~ 14技",12技,2186
"荐己备","咯磊","10 ~ 14技",13技,2521
"荐己备","咯磊","10 ~ 14技",14技,2388
"荐己备","咯磊","15 ~ 19技",家拌,11587
"荐己备","咯磊","15 ~ 19技",15技,2227
"荐己备","咯磊","15 ~ 19技",16技,2237
"荐己备","咯磊","15 ~ 19技",17技,2470
"荐己备","咯磊","15 ~ 19技",18技,2290
"荐己备","咯磊","15 ~ 19技",19技,2363
"荐己备","咯磊","20 ~ 24技",家拌,12546
"荐己备","咯磊","20 ~ 24技",20技,2746
"荐己备","咯磊","20 ~ 24技",21技,2694
"荐己备","咯磊","20 ~ 24技",22技,2449
"荐己备","咯磊","20 ~ 24技",23技,2388
"荐己备","咯磊","20 ~ 24技",24技,2269
"荐己备","咯磊","25 ~ 29技",家拌,10514
"荐己备","咯磊","25 ~ 29技",25技,2232
"荐己备","咯磊","25 ~ 29技",26技,2060
"荐己备","咯磊","25 ~ 29技",27技,2163
"荐己备","咯磊","25 ~ 29技",28技,2014
"荐己备","咯磊","25 ~ 29技",29技,2045
"荐己备","咯磊","30 ~ 34技",家拌,8677
"荐己备","咯磊","30 ~ 34技",30技,1803
"荐己备","咯磊","30 ~ 34技",31技,1862
"荐己备","咯磊","30 ~ 34技",32技,1618
"荐己备","咯磊","30 ~ 34技",33技,1662
"荐己备","咯磊","30 ~ 34技",34技,1732
"荐己备","咯磊","35 ~ 39技",家拌,12216
"荐己备","咯磊","35 ~ 39技",35技,1860
"荐己备","咯磊","35 ~ 39技",36技,1946
"荐己备","咯磊","35 ~ 39技",37技,2415
"荐己备","咯磊","35 ~ 39技",38技,2839
"荐己备","咯磊","35 ~ 39技",39技,3156
"荐己备","咯磊","40 ~ 44技",家拌,17032
"荐己备","咯磊","40 ~ 44技",40技,3367
"荐己备","咯磊","40 ~ 44技",41技,3568
"荐己备","咯磊","40 ~ 44技",42技,3331
"荐己备","咯磊","40 ~ 44技",43技,3360
"荐己备","咯磊","40 ~ 44技",44技,3406
"荐己备","咯磊","45 ~ 49技",家拌,20510
"荐己备","咯磊","45 ~ 49技",45技,3631
"荐己备","咯磊","45 ~ 49技",46技,3976
"荐己备","咯磊","45 ~ 49技",47技,4224
"荐己备","咯磊","45 ~ 49技",48技,4366
"荐己备","咯磊","45 ~ 49技",49技,4313
"荐己备","咯磊","50 ~ 54技",家拌,20787
"荐己备","咯磊","50 ~ 54技",50技,4482
"荐己备","咯磊","50 ~ 54技",51技,4332
"荐己备","咯磊","50 ~ 54技",52技,4300
"荐己备","咯磊","50 ~ 54技",53技,3985
"荐己备","咯磊","50 ~ 54技",54技,3688
"荐己备","咯磊","55 ~ 59技",家拌,17088
"荐己备","咯磊","55 ~ 59技",55技,3437
"荐己备","咯磊","55 ~ 59技",56技,3579
"荐己备","咯磊","55 ~ 59技",57技,3156
"荐己备","咯磊","55 ~ 59技",58技,3616
"荐己备","咯磊","55 ~ 59技",59技,3300
"荐己备","咯磊","60 ~ 64技",家拌,15981
"荐己备","咯磊","60 ~ 64技",60技,3613
"荐己备","咯磊","60 ~ 64技",61技,3496
"荐己备","咯磊","60 ~ 64技",62技,3094
"荐己备","咯磊","60 ~ 64技",63技,2910
"荐己备","咯磊","60 ~ 64技",64技,2868
"荐己备","咯磊","65 ~ 69技",家拌,12179
"荐己备","咯磊","65 ~ 69技",65技,2665
"荐己备","咯磊","65 ~ 69技",66技,2703
"荐己备","咯磊","65 ~ 69技",67技,2208
"荐己备","咯磊","65 ~ 69技",68技,2374
"荐己备","咯磊","65 ~ 69技",69技,2229
"荐己备","咯磊","70 ~ 74技",家拌,9231
"荐己备","咯磊","70 ~ 74技",70技,1801
"荐己备","咯磊","70 ~ 74技",71技,1924
"荐己备","咯磊","70 ~ 74技",72技,1948
"荐己备","咯磊","70 ~ 74技",73技,1802
"荐己备","咯磊","70 ~ 74技",74技,1756
"荐己备","咯磊","75 ~ 79技",家拌,6820
"荐己备","咯磊","75 ~ 79技",75技,994
"荐己备","咯磊","75 ~ 79技",76技,1345
"荐己备","咯磊","75 ~ 79技",77技,1442
"荐己备","咯磊","75 ~ 79技",78技,1595
"荐己备","咯磊","75 ~ 79技",79技,1444
"荐己备","咯磊","80 ~ 84技",家拌,5564
"荐己备","咯磊","80 ~ 84技",80技,1296
"荐己备","咯磊","80 ~ 84技",81技,1206
"荐己备","咯磊","80 ~ 84技",82技,1114
"荐己备","咯磊","80 ~ 84技",83技,1044
"荐己备","咯磊","80 ~ 84技",84技,904
"荐己备","咯磊","85 ~ 89技",家拌,3356
"荐己备","咯磊","85 ~ 89技",85技,915
"荐己备","咯磊","85 ~ 89技",86技,795
"荐己备","咯磊","85 ~ 89技",87技,631
"荐己备","咯磊","85 ~ 89技",88技,547
"荐己备","咯磊","85 ~ 89技",89技,468
"荐己备","咯磊","90 ~ 94技",家拌,1159
"荐己备","咯磊","90 ~ 94技",90技,366
"荐己备","咯磊","90 ~ 94技",91技,269
"荐己备","咯磊","90 ~ 94技",92技,229
"荐己备","咯磊","90 ~ 94技",93技,171
"荐己备","咯磊","90 ~ 94技",94技,124
"荐己备","咯磊","95技 捞惑",家拌,252
"崔辑备","拌","拌",家拌,562638
"崔辑备","拌","0 ~ 4技",家拌,15683
"崔辑备","拌","0 ~ 4技",0技,2662
"崔辑备","拌","0 ~ 4技",1技,2833
"崔辑备","拌","0 ~ 4技",2技,2997
"崔辑备","拌","0 ~ 4技",3技,3319
"崔辑备","拌","0 ~ 4技",4技,3872
"崔辑备","拌","5 ~ 9技",家拌,23558
"崔辑备","拌","5 ~ 9技",5技,4441
"崔辑备","拌","5 ~ 9技",6技,4703
"崔辑备","拌","5 ~ 9技",7技,4567
"崔辑备","拌","5 ~ 9技",8技,4820
"崔辑备","拌","5 ~ 9技",9技,5027
"崔辑备","拌","10 ~ 14技",家拌,25341
"崔辑备","拌","10 ~ 14技",10技,5156
"崔辑备","拌","10 ~ 14技",11技,4872
"崔辑备","拌","10 ~ 14技",12技,4931
"崔辑备","拌","10 ~ 14技",13技,5349
"崔辑备","拌","10 ~ 14技",14技,5033
"崔辑备","拌","15 ~ 19技",家拌,27877
"崔辑备","拌","15 ~ 19技",15技,4997
"崔辑备","拌","15 ~ 19技",16技,5162
"崔辑备","拌","15 ~ 19技",17技,5703
"崔辑备","拌","15 ~ 19技",18技,5803
"崔辑备","拌","15 ~ 19技",19技,6212
"崔辑备","拌","20 ~ 24技",家拌,39597
"崔辑备","拌","20 ~ 24技",20技,7477
"崔辑备","拌","20 ~ 24技",21技,8121
"崔辑备","拌","20 ~ 24技",22技,7731
"崔辑备","拌","20 ~ 24技",23技,8188
"崔辑备","拌","20 ~ 24技",24技,8080
"崔辑备","拌","25 ~ 29技",家拌,40030
"崔辑备","拌","25 ~ 29技",25技,8455
"崔辑备","拌","25 ~ 29技",26技,7968
"崔辑备","拌","25 ~ 29技",27技,7949
"崔辑备","拌","25 ~ 29技",28技,7943
"崔辑备","拌","25 ~ 29技",29技,7715
"崔辑备","拌","30 ~ 34技",家拌,33054
"崔辑备","拌","30 ~ 34技",30技,6859
"崔辑备","拌","30 ~ 34技",31技,7011
"崔辑备","拌","30 ~ 34技",32技,6644
"崔辑备","拌","30 ~ 34技",33技,6216
"崔辑备","拌","30 ~ 34技",34技,6324
"崔辑备","拌","35 ~ 39技",家拌,35806
"崔辑备","拌","35 ~ 39技",35技,6425
"崔辑备","拌","35 ~ 39技",36技,6278
"崔辑备","拌","35 ~ 39技",37技,6967
"崔辑备","拌","35 ~ 39技",38技,7731
"崔辑备","拌","35 ~ 39技",39技,8405
"崔辑备","拌","40 ~ 44技",家拌,41150
"崔辑备","拌","40 ~ 44技",40技,8450
"崔辑备","拌","40 ~ 44技",41技,8561
"崔辑备","拌","40 ~ 44技",42技,7996
"崔辑备","拌","40 ~ 44技",43技,7941
"崔辑备","拌","40 ~ 44技",44技,8202
"崔辑备","拌","45 ~ 49技",家拌,47927
"崔辑备","拌","45 ~ 49技",45技,8548
"崔辑备","拌","45 ~ 49技",46技,8772
"崔辑备","拌","45 ~ 49技",47技,10017
"崔辑备","拌","45 ~ 49技",48技,10129
"崔辑备","拌","45 ~ 49技",49技,10461
"崔辑备","拌","50 ~ 54技",家拌,53701
"崔辑备","拌","50 ~ 54技",50技,10767
"崔辑备","拌","50 ~ 54技",51技,10814
"崔辑备","拌","50 ~ 54技",52技,11310
"崔辑备","拌","50 ~ 54技",53技,10618
"崔辑备","拌","50 ~ 54技",54技,10192
"崔辑备","拌","55 ~ 59技",家拌,49835
"崔辑备","拌","55 ~ 59技",55技,10159
"崔辑备","拌","55 ~ 59技",56技,10022
"崔辑备","拌","55 ~ 59技",57技,9255
"崔辑备","拌","55 ~ 59技",58技,10538
"崔辑备","拌","55 ~ 59技",59技,9861
"崔辑备","拌","60 ~ 64技",家拌,45748
"崔辑备","拌","60 ~ 64技",60技,11050
"崔辑备","拌","60 ~ 64技",61技,10291
"崔辑备","拌","60 ~ 64技",62技,8992
"崔辑备","拌","60 ~ 64技",63技,7727
"崔辑备","拌","60 ~ 64技",64技,7688
"崔辑备","拌","65 ~ 69技",家拌,31531
"崔辑备","拌","65 ~ 69技",65技,7179
"崔辑备","拌","65 ~ 69技",66技,7179
"崔辑备","拌","65 ~ 69技",67技,5538
"崔辑备","拌","65 ~ 69技",68技,5964
"崔辑备","拌","65 ~ 69技",69技,5671
"崔辑备","拌","70 ~ 74技",家拌,21027
"崔辑备","拌","70 ~ 74技",70技,4255
"崔辑备","拌","70 ~ 74技",71技,4471
"崔辑备","拌","70 ~ 74技",72技,4483
"崔辑备","拌","70 ~ 74技",73技,4090
"崔辑备","拌","70 ~ 74技",74技,3728
"崔辑备","拌","75 ~ 79技",家拌,13892
"崔辑备","拌","75 ~ 79技",75技,2166
"崔辑备","拌","75 ~ 79技",76技,2760
"崔辑备","拌","75 ~ 79技",77技,2806
"崔辑备","拌","75 ~ 79技",78技,3208
"崔辑备","拌","75 ~ 79技",79技,2952
"崔辑备","拌","80 ~ 84技",家拌,10085
"崔辑备","拌","80 ~ 84技",80技,2401
"崔辑备","拌","80 ~ 84技",81技,2220
"崔辑备","拌","80 ~ 84技",82技,2072
"崔辑备","拌","80 ~ 84技",83技,1770
"崔辑备","拌","80 ~ 84技",84技,1622
"崔辑备","拌","85 ~ 89技",家拌,5041
"崔辑备","拌","85 ~ 89技",85技,1455
"崔辑备","拌","85 ~ 89技",86技,1171
"崔辑备","拌","85 ~ 89技",87技,1003
"崔辑备","拌","85 ~ 89技",88技,761
"崔辑备","拌","85 ~ 89技",89技,651
"崔辑备","拌","90 ~ 94技",家拌,1477
"崔辑备","拌","90 ~ 94技",90技,472
"崔辑备","拌","90 ~ 94技",91技,368
"崔辑备","拌","90 ~ 94技",92技,294
"崔辑备","拌","90 ~ 94技",93技,203
"崔辑备","拌","90 ~ 94技",94技,140
"崔辑备","拌","95技 捞惑",家拌,278
"崔辑备","巢磊","拌",家拌,279452
"崔辑备","巢磊","0 ~ 4技",家拌,8171
"崔辑备","巢磊","0 ~ 4技",0技,1378
"崔辑备","巢磊","0 ~ 4技",1技,1475
"崔辑备","巢磊","0 ~ 4技",2技,1510
"崔辑备","巢磊","0 ~ 4技",3技,1762
"崔辑备","巢磊","0 ~ 4技",4技,2046
"崔辑备","巢磊","5 ~ 9技",家拌,11996
"崔辑备","巢磊","5 ~ 9技",5技,2293
"崔辑备","巢磊","5 ~ 9技",6技,2390
"崔辑备","巢磊","5 ~ 9技",7技,2308
"崔辑备","巢磊","5 ~ 9技",8技,2492
"崔辑备","巢磊","5 ~ 9技",9技,2513
"崔辑备","巢磊","10 ~ 14技",家拌,13099
"崔辑备","巢磊","10 ~ 14技",10技,2678
"崔辑备","巢磊","10 ~ 14技",11技,2505
"崔辑备","巢磊","10 ~ 14技",12技,2580
"崔辑备","巢磊","10 ~ 14技",13技,2755
"崔辑备","巢磊","10 ~ 14技",14技,2581
"崔辑备","巢磊","15 ~ 19技",家拌,14468
"崔辑备","巢磊","15 ~ 19技",15技,2560
"崔辑备","巢磊","15 ~ 19技",16技,2673
"崔辑备","巢磊","15 ~ 19技",17技,2968
"崔辑备","巢磊","15 ~ 19技",18技,3025
"崔辑备","巢磊","15 ~ 19技",19技,3242
"崔辑备","巢磊","20 ~ 24技",家拌,20879
"崔辑备","巢磊","20 ~ 24技",20技,3929
"崔辑备","巢磊","20 ~ 24技",21技,4350
"崔辑备","巢磊","20 ~ 24技",22技,4174
"崔辑备","巢磊","20 ~ 24技",23技,4213
"崔辑备","巢磊","20 ~ 24技",24技,4213
"崔辑备","巢磊","25 ~ 29技",家拌,21635
"崔辑备","巢磊","25 ~ 29技",25技,4523
"崔辑备","巢磊","25 ~ 29技",26技,4352
"崔辑备","巢磊","25 ~ 29技",27技,4272
"崔辑备","巢磊","25 ~ 29技",28技,4266
"崔辑备","巢磊","25 ~ 29技",29技,4222
"崔辑备","巢磊","30 ~ 34技",家拌,18091
"崔辑备","巢磊","30 ~ 34技",30技,3799
"崔辑备","巢磊","30 ~ 34技",31技,3852
"崔辑备","巢磊","30 ~ 34技",32技,3679
"崔辑备","巢磊","30 ~ 34技",33技,3359
"崔辑备","巢磊","30 ~ 34技",34技,3402
"崔辑备","巢磊","35 ~ 39技",家拌,18362
"崔辑备","巢磊","35 ~ 39技",35技,3456
"崔辑备","巢磊","35 ~ 39技",36技,3303
"崔辑备","巢磊","35 ~ 39技",37技,3568
"崔辑备","巢磊","35 ~ 39技",38技,3897
"崔辑备","巢磊","35 ~ 39技",39技,4138
"崔辑备","巢磊","40 ~ 44技",家拌,20327
"崔辑备","巢磊","40 ~ 44技",40技,4251
"崔辑备","巢磊","40 ~ 44技",41技,4209
"崔辑备","巢磊","40 ~ 44技",42技,3892
"崔辑备","巢磊","40 ~ 44技",43技,3931
"崔辑备","巢磊","40 ~ 44技",44技,4044
"崔辑备","巢磊","45 ~ 49技",家拌,23329
"崔辑备","巢磊","45 ~ 49技",45技,4254
"崔辑备","巢磊","45 ~ 49技",46技,4258
"崔辑备","巢磊","45 ~ 49技",47技,4852
"崔辑备","巢磊","45 ~ 49技",48技,4915
"崔辑备","巢磊","45 ~ 49技",49技,5050
"崔辑备","巢磊","50 ~ 54技",家拌,25918
"崔辑备","巢磊","50 ~ 54技",50技,5200
"崔辑备","巢磊","50 ~ 54技",51技,5268
"崔辑备","巢磊","50 ~ 54技",52技,5419
"崔辑备","巢磊","50 ~ 54技",53技,5129
"崔辑备","巢磊","50 ~ 54技",54技,4902
"崔辑备","巢磊","55 ~ 59技",家拌,24408
"崔辑备","巢磊","55 ~ 59技",55技,4878
"崔辑备","巢磊","55 ~ 59技",56技,4851
"崔辑备","巢磊","55 ~ 59技",57技,4515
"崔辑备","巢磊","55 ~ 59技",58技,5285
"崔辑备","巢磊","55 ~ 59技",59技,4879
"崔辑备","巢磊","60 ~ 64技",家拌,22386
"崔辑备","巢磊","60 ~ 64技",60技,5366
"崔辑备","巢磊","60 ~ 64技",61技,4958
"崔辑备","巢磊","60 ~ 64技",62技,4402
"崔辑备","巢磊","60 ~ 64技",63技,3864
"崔辑备","巢磊","60 ~ 64技",64技,3796
"崔辑备","巢磊","65 ~ 69技",家拌,15035
"崔辑备","巢磊","65 ~ 69技",65技,3565
"崔辑备","巢磊","65 ~ 69技",66技,3433
"崔辑备","巢磊","65 ~ 69技",67技,2676
"崔辑备","巢磊","65 ~ 69技",68技,2736
"崔辑备","巢磊","65 ~ 69技",69技,2625
"崔辑备","巢磊","70 ~ 74技",家拌,9867
"崔辑备","巢磊","70 ~ 74技",70技,2046
"崔辑备","巢磊","70 ~ 74技",71技,2133
"崔辑备","巢磊","70 ~ 74技",72技,2082
"崔辑备","巢磊","70 ~ 74技",73技,1896
"崔辑备","巢磊","70 ~ 74技",74技,1710
"崔辑备","巢磊","75 ~ 79技",家拌,5945
"崔辑备","巢磊","75 ~ 79技",75技,1032
"崔辑备","巢磊","75 ~ 79技",76技,1209
"崔辑备","巢磊","75 ~ 79技",77技,1159
"崔辑备","巢磊","75 ~ 79技",78技,1342
"崔辑备","巢磊","75 ~ 79技",79技,1203
"崔辑备","巢磊","80 ~ 84技",家拌,3669
"崔辑备","巢磊","80 ~ 84技",80技,920
"崔辑备","巢磊","80 ~ 84技",81技,813
"崔辑备","巢磊","80 ~ 84技",82技,741
"崔辑备","巢磊","80 ~ 84技",83技,633
"崔辑备","巢磊","80 ~ 84技",84技,562
"崔辑备","巢磊","85 ~ 89技",家拌,1491
"崔辑备","巢磊","85 ~ 89技",85技,451
"崔辑备","巢磊","85 ~ 89技",86技,384
"崔辑备","巢磊","85 ~ 89技",87技,290
"崔辑备","巢磊","85 ~ 89技",88技,195
"崔辑备","巢磊","85 ~ 89技",89技,171
"崔辑备","巢磊","90 ~ 94技",家拌,327
"崔辑备","巢磊","90 ~ 94技",90技,113
"崔辑备","巢磊","90 ~ 94技",91技,81
"崔辑备","巢磊","90 ~ 94技",92技,64
"崔辑备","巢磊","90 ~ 94技",93技,39
"崔辑备","巢磊","90 ~ 94技",94技,30
"崔辑备","巢磊","95技 捞惑",家拌,49
"崔辑备","咯磊","拌",家拌,283186
"崔辑备","咯磊","0 ~ 4技",家拌,7512
"崔辑备","咯磊","0 ~ 4技",0技,1284
"崔辑备","咯磊","0 ~ 4技",1技,1358
"崔辑备","咯磊","0 ~ 4技",2技,1487
"崔辑备","咯磊","0 ~ 4技",3技,1557
"崔辑备","咯磊","0 ~ 4技",4技,1826
"崔辑备","咯磊","5 ~ 9技",家拌,11562
"崔辑备","咯磊","5 ~ 9技",5技,2148
"崔辑备","咯磊","5 ~ 9技",6技,2313
"崔辑备","咯磊","5 ~ 9技",7技,2259
"崔辑备","咯磊","5 ~ 9技",8技,2328
"崔辑备","咯磊","5 ~ 9技",9技,2514
"崔辑备","咯磊","10 ~ 14技",家拌,12242
"崔辑备","咯磊","10 ~ 14技",10技,2478
"崔辑备","咯磊","10 ~ 14技",11技,2367
"崔辑备","咯磊","10 ~ 14技",12技,2351
"崔辑备","咯磊","10 ~ 14技",13技,2594
"崔辑备","咯磊","10 ~ 14技",14技,2452
"崔辑备","咯磊","15 ~ 19技",家拌,13409
"崔辑备","咯磊","15 ~ 19技",15技,2437
"崔辑备","咯磊","15 ~ 19技",16技,2489
"崔辑备","咯磊","15 ~ 19技",17技,2735
"崔辑备","咯磊","15 ~ 19技",18技,2778
"崔辑备","咯磊","15 ~ 19技",19技,2970
"崔辑备","咯磊","20 ~ 24技",家拌,18718
"崔辑备","咯磊","20 ~ 24技",20技,3548
"崔辑备","咯磊","20 ~ 24技",21技,3771
"崔辑备","咯磊","20 ~ 24技",22技,3557
"崔辑备","咯磊","20 ~ 24技",23技,3975
"崔辑备","咯磊","20 ~ 24技",24技,3867
"崔辑备","咯磊","25 ~ 29技",家拌,18395
"崔辑备","咯磊","25 ~ 29技",25技,3932
"崔辑备","咯磊","25 ~ 29技",26技,3616
"崔辑备","咯磊","25 ~ 29技",27技,3677
"崔辑备","咯磊","25 ~ 29技",28技,3677
"崔辑备","咯磊","25 ~ 29技",29技,3493
"崔辑备","咯磊","30 ~ 34技",家拌,14963
"崔辑备","咯磊","30 ~ 34技",30技,3060
"崔辑备","咯磊","30 ~ 34技",31技,3159
"崔辑备","咯磊","30 ~ 34技",32技,2965
"崔辑备","咯磊","30 ~ 34技",33技,2857
"崔辑备","咯磊","30 ~ 34技",34技,2922
"崔辑备","咯磊","35 ~ 39技",家拌,17444
"崔辑备","咯磊","35 ~ 39技",35技,2969
"崔辑备","咯磊","35 ~ 39技",36技,2975
"崔辑备","咯磊","35 ~ 39技",37技,3399
"崔辑备","咯磊","35 ~ 39技",38技,3834
"崔辑备","咯磊","35 ~ 39技",39技,4267
"崔辑备","咯磊","40 ~ 44技",家拌,20823
"崔辑备","咯磊","40 ~ 44技",40技,4199
"崔辑备","咯磊","40 ~ 44技",41技,4352
"崔辑备","咯磊","40 ~ 44技",42技,4104
"崔辑备","咯磊","40 ~ 44技",43技,4010
"崔辑备","咯磊","40 ~ 44技",44技,4158
"崔辑备","咯磊","45 ~ 49技",家拌,24598
"崔辑备","咯磊","45 ~ 49技",45技,4294
"崔辑备","咯磊","45 ~ 49技",46技,4514
"崔辑备","咯磊","45 ~ 49技",47技,5165
"崔辑备","咯磊","45 ~ 49技",48技,5214
"崔辑备","咯磊","45 ~ 49技",49技,5411
"崔辑备","咯磊","50 ~ 54技",家拌,27783
"崔辑备","咯磊","50 ~ 54技",50技,5567
"崔辑备","咯磊","50 ~ 54技",51技,5546
"崔辑备","咯磊","50 ~ 54技",52技,5891
"崔辑备","咯磊","50 ~ 54技",53技,5489
"崔辑备","咯磊","50 ~ 54技",54技,5290
"崔辑备","咯磊","55 ~ 59技",家拌,25427
"崔辑备","咯磊","55 ~ 59技",55技,5281
"崔辑备","咯磊","55 ~ 59技",56技,5171
"崔辑备","咯磊","55 ~ 59技",57技,4740
"崔辑备","咯磊","55 ~ 59技",58技,5253
"崔辑备","咯磊","55 ~ 59技",59技,4982
"崔辑备","咯磊","60 ~ 64技",家拌,23362
"崔辑备","咯磊","60 ~ 64技",60技,5684
"崔辑备","咯磊","60 ~ 64技",61技,5333
"崔辑备","咯磊","60 ~ 64技",62技,4590
"崔辑备","咯磊","60 ~ 64技",63技,3863
"崔辑备","咯磊","60 ~ 64技",64技,3892
"崔辑备","咯磊","65 ~ 69技",家拌,16496
"崔辑备","咯磊","65 ~ 69技",65技,3614
"崔辑备","咯磊","65 ~ 69技",66技,3746
"崔辑备","咯磊","65 ~ 69技",67技,2862
"崔辑备","咯磊","65 ~ 69技",68技,3228
"崔辑备","咯磊","65 ~ 69技",69技,3046
"崔辑备","咯磊","70 ~ 74技",家拌,11160
"崔辑备","咯磊","70 ~ 74技",70技,2209
"崔辑备","咯磊","70 ~ 74技",71技,2338
"崔辑备","咯磊","70 ~ 74技",72技,2401
"崔辑备","咯磊","70 ~ 74技",73技,2194
"崔辑备","咯磊","70 ~ 74技",74技,2018
"崔辑备","咯磊","75 ~ 79技",家拌,7947
"崔辑备","咯磊","75 ~ 79技",75技,1134
"崔辑备","咯磊","75 ~ 79技",76技,1551
"崔辑备","咯磊","75 ~ 79技",77技,1647
"崔辑备","咯磊","75 ~ 79技",78技,1866
"崔辑备","咯磊","75 ~ 79技",79技,1749
"崔辑备","咯磊","80 ~ 84技",家拌,6416
"崔辑备","咯磊","80 ~ 84技",80技,1481
"崔辑备","咯磊","80 ~ 84技",81技,1407
"崔辑备","咯磊","80 ~ 84技",82技,1331
"崔辑备","咯磊","80 ~ 84技",83技,1137
"崔辑备","咯磊","80 ~ 84技",84技,1060
"崔辑备","咯磊","85 ~ 89技",家拌,3550
"崔辑备","咯磊","85 ~ 89技",85技,1004
"崔辑备","咯磊","85 ~ 89技",86技,787
"崔辑备","咯磊","85 ~ 89技",87技,713
"崔辑备","咯磊","85 ~ 89技",88技,566
"崔辑备","咯磊","85 ~ 89技",89技,480
"崔辑备","咯磊","90 ~ 94技",家拌,1150
"崔辑备","咯磊","90 ~ 94技",90技,359
"崔辑备","咯磊","90 ~ 94技",91技,287
"崔辑备","咯磊","90 ~ 94技",92技,230
"崔辑备","咯磊","90 ~ 94技",93技,164
"崔辑备","咯磊","90 ~ 94技",94技,110
"崔辑备","咯磊","95技 捞惑",家拌,229
"崔己焙","拌","拌",家拌,268024
"崔己焙","拌","0 ~ 4技",家拌,13712
"崔己焙","拌","0 ~ 4技",0技,2243
"崔己焙","拌","0 ~ 4技",1技,2385
"崔己焙","拌","0 ~ 4技",2技,2740
"崔己焙","拌","0 ~ 4技",3技,3113
"崔己焙","拌","0 ~ 4技",4技,3231
"崔己焙","拌","5 ~ 9技",家拌,16252
"崔己焙","拌","5 ~ 9技",5技,3426
"崔己焙","拌","5 ~ 9技",6技,3337
"崔己焙","拌","5 ~ 9技",7技,3107
"崔己焙","拌","5 ~ 9技",8技,3203
"崔己焙","拌","5 ~ 9技",9技,3179
"崔己焙","拌","10 ~ 14技",家拌,13149
"崔己焙","拌","10 ~ 14技",10技,3055
"崔己焙","拌","10 ~ 14技",11技,2642
"崔己焙","拌","10 ~ 14技",12技,2528
"崔己焙","拌","10 ~ 14技",13技,2552
"崔己焙","拌","10 ~ 14技",14技,2372
"崔己焙","拌","15 ~ 19技",家拌,11131
"崔己焙","拌","15 ~ 19技",15技,2160
"崔己焙","拌","15 ~ 19技",16技,2193
"崔己焙","拌","15 ~ 19技",17技,2191
"崔己焙","拌","15 ~ 19技",18技,2251
"崔己焙","拌","15 ~ 19技",19技,2336
"崔己焙","拌","20 ~ 24技",家拌,13562
"崔己焙","拌","20 ~ 24技",20技,2697
"崔己焙","拌","20 ~ 24技",21技,2833
"崔己焙","拌","20 ~ 24技",22技,2633
"崔己焙","拌","20 ~ 24技",23技,2582
"崔己焙","拌","20 ~ 24技",24技,2817
"崔己焙","拌","25 ~ 29技",家拌,15809
"崔己焙","拌","25 ~ 29技",25技,2924
"崔己焙","拌","25 ~ 29技",26技,2834
"崔己焙","拌","25 ~ 29技",27技,3064
"崔己焙","拌","25 ~ 29技",28技,3318
"崔己焙","拌","25 ~ 29技",29技,3669
"崔己焙","拌","30 ~ 34技",家拌,20049
"崔己焙","拌","30 ~ 34技",30技,3617
"崔己焙","拌","30 ~ 34技",31技,3995
"崔己焙","拌","30 ~ 34技",32技,3999
"崔己焙","拌","30 ~ 34技",33技,4179
"崔己焙","拌","30 ~ 34技",34技,4259
"崔己焙","拌","35 ~ 39技",家拌,24776
"崔己焙","拌","35 ~ 39技",35技,4556
"崔己焙","拌","35 ~ 39技",36技,4486
"崔己焙","拌","35 ~ 39技",37技,4822
"崔己焙","拌","35 ~ 39技",38技,5369
"崔己焙","拌","35 ~ 39技",39技,5543
"崔己焙","拌","40 ~ 44技",家拌,23922
"崔己焙","拌","40 ~ 44技",40技,5421
"崔己焙","拌","40 ~ 44技",41技,5207
"崔己焙","拌","40 ~ 44技",42技,4623
"崔己焙","拌","40 ~ 44技",43技,4380
"崔己焙","拌","40 ~ 44技",44技,4291
"崔己焙","拌","45 ~ 49技",家拌,21278
"崔己焙","拌","45 ~ 49技",45技,4135
"崔己焙","拌","45 ~ 49技",46技,4229
"崔己焙","拌","45 ~ 49技",47技,4345
"崔己焙","拌","45 ~ 49技",48技,4304
"崔己焙","拌","45 ~ 49技",49技,4265
"崔己焙","拌","50 ~ 54技",家拌,21293
"崔己焙","拌","50 ~ 54技",50技,4298
"崔己焙","拌","50 ~ 54技",51技,4259
"崔己焙","拌","50 ~ 54技",52技,4506
"崔己焙","拌","50 ~ 54技",53技,4171
"崔己焙","拌","50 ~ 54技",54技,4059
"崔己焙","拌","55 ~ 59技",家拌,20334
"崔己焙","拌","55 ~ 59技",55技,4196
"崔己焙","拌","55 ~ 59技",56技,4037
"崔己焙","拌","55 ~ 59技",57技,3706
"崔己焙","拌","55 ~ 59技",58技,4294
"崔己焙","拌","55 ~ 59技",59技,4101
"崔己焙","拌","60 ~ 64技",家拌,18907
"崔己焙","拌","60 ~ 64技",60技,4487
"崔己焙","拌","60 ~ 64技",61技,4139
"崔己焙","拌","60 ~ 64技",62技,3678
"崔己焙","拌","60 ~ 64技",63技,3368
"崔己焙","拌","60 ~ 64技",64技,3235
"崔己焙","拌","65 ~ 69技",家拌,12480
"崔己焙","拌","65 ~ 69技",65技,2912
"崔己焙","拌","65 ~ 69技",66技,2792
"崔己焙","拌","65 ~ 69技",67技,2164
"崔己焙","拌","65 ~ 69技",68技,2389
"崔己焙","拌","65 ~ 69技",69技,2223
"崔己焙","拌","70 ~ 74技",家拌,8446
"崔己焙","拌","70 ~ 74技",70技,1766
"崔己焙","拌","70 ~ 74技",71技,1834
"崔己焙","拌","70 ~ 74技",72技,1815
"崔己焙","拌","70 ~ 74技",73技,1649
"崔己焙","拌","70 ~ 74技",74技,1382
"崔己焙","拌","75 ~ 79技",家拌,5602
"崔己焙","拌","75 ~ 79技",75技,943
"崔己焙","拌","75 ~ 79技",76技,1111
"崔己焙","拌","75 ~ 79技",77技,1115
"崔己焙","拌","75 ~ 79技",78技,1282
"崔己焙","拌","75 ~ 79技",79技,1151
"崔己焙","拌","80 ~ 84技",家拌,4244
"崔己焙","拌","80 ~ 84技",80技,1010
"崔己焙","拌","80 ~ 84技",81技,920
"崔己焙","拌","80 ~ 84技",82技,858
"崔己焙","拌","80 ~ 84技",83技,761
"崔己焙","拌","80 ~ 84技",84技,695
"崔己焙","拌","85 ~ 89技",家拌,2222
"崔己焙","拌","85 ~ 89技",85技,573
"崔己焙","拌","85 ~ 89技",86技,536
"崔己焙","拌","85 ~ 89技",87技,446
"崔己焙","拌","85 ~ 89技",88技,371
"崔己焙","拌","85 ~ 89技",89技,296
"崔己焙","拌","90 ~ 94技",家拌,719
"崔己焙","拌","90 ~ 94技",90技,226
"崔己焙","拌","90 ~ 94技",91技,178
"崔己焙","拌","90 ~ 94技",92技,127
"崔己焙","拌","90 ~ 94技",93技,108
"崔己焙","拌","90 ~ 94技",94技,80
"崔己焙","拌","95技 捞惑",家拌,137
"崔己焙","巢磊","拌",家拌,136770
"崔己焙","巢磊","0 ~ 4技",家拌,6930
"崔己焙","巢磊","0 ~ 4技",0技,1142
"崔己焙","巢磊","0 ~ 4技",1技,1207
"崔己焙","巢磊","0 ~ 4技",2技,1374
"崔己焙","巢磊","0 ~ 4技",3技,1588
"崔己焙","巢磊","0 ~ 4技",4技,1619
"崔己焙","巢磊","5 ~ 9技",家拌,8293
"崔己焙","巢磊","5 ~ 9技",5技,1738
"崔己焙","巢磊","5 ~ 9技",6技,1675
"崔己焙","巢磊","5 ~ 9技",7技,1576
"崔己焙","巢磊","5 ~ 9技",8技,1684
"崔己焙","巢磊","5 ~ 9技",9技,1620
"崔己焙","巢磊","10 ~ 14技",家拌,6737
"崔己焙","巢磊","10 ~ 14技",10技,1554
"崔己焙","巢磊","10 ~ 14技",11技,1363
"崔己焙","巢磊","10 ~ 14技",12技,1299
"崔己焙","巢磊","10 ~ 14技",13技,1304
"崔己焙","巢磊","10 ~ 14技",14技,1217
"崔己焙","巢磊","15 ~ 19技",家拌,5929
"崔己焙","巢磊","15 ~ 19技",15技,1143
"崔己焙","巢磊","15 ~ 19技",16技,1121
"崔己焙","巢磊","15 ~ 19技",17技,1176
"崔己焙","巢磊","15 ~ 19技",18技,1201
"崔己焙","巢磊","15 ~ 19技",19技,1288
"崔己焙","巢磊","20 ~ 24技",家拌,7624
"崔己焙","巢磊","20 ~ 24技",20技,1466
"崔己焙","巢磊","20 ~ 24技",21技,1554
"崔己焙","巢磊","20 ~ 24技",22技,1457
"崔己焙","巢磊","20 ~ 24技",23技,1495
"崔己焙","巢磊","20 ~ 24技",24技,1652
"崔己焙","巢磊","25 ~ 29技",家拌,8872
"崔己焙","巢磊","25 ~ 29技",25技,1760
"崔己焙","巢磊","25 ~ 29技",26技,1674
"崔己焙","巢磊","25 ~ 29技",27技,1677
"崔己焙","巢磊","25 ~ 29技",28技,1798
"崔己焙","巢磊","25 ~ 29技",29技,1963
"崔己焙","巢磊","30 ~ 34技",家拌,10806
"崔己焙","巢磊","30 ~ 34技",30技,1933
"崔己焙","巢磊","30 ~ 34技",31技,2160
"崔己焙","巢磊","30 ~ 34技",32技,2166
"崔己焙","巢磊","30 ~ 34技",33技,2258
"崔己焙","巢磊","30 ~ 34技",34技,2289
"崔己焙","巢磊","35 ~ 39技",家拌,13113
"崔己焙","巢磊","35 ~ 39技",35技,2450
"崔己焙","巢磊","35 ~ 39技",36技,2468
"崔己焙","巢磊","35 ~ 39技",37技,2515
"崔己焙","巢磊","35 ~ 39技",38技,2745
"崔己焙","巢磊","35 ~ 39技",39技,2935
"崔己焙","巢磊","40 ~ 44技",家拌,12734
"崔己焙","巢磊","40 ~ 44技",40技,2885
"崔己焙","巢磊","40 ~ 44技",41技,2734
"崔己焙","巢磊","40 ~ 44技",42技,2419
"崔己焙","巢磊","40 ~ 44技",43技,2384
"崔己焙","巢磊","40 ~ 44技",44技,2312
"崔己焙","巢磊","45 ~ 49技",家拌,11125
"崔己焙","巢磊","45 ~ 49技",45技,2217
"崔己焙","巢磊","45 ~ 49技",46技,2229
"崔己焙","巢磊","45 ~ 49技",47技,2268
"崔己焙","巢磊","45 ~ 49技",48技,2234
"崔己焙","巢磊","45 ~ 49技",49技,2177
"崔己焙","巢磊","50 ~ 54技",家拌,10432
"崔己焙","巢磊","50 ~ 54技",50技,2157
"崔己焙","巢磊","50 ~ 54技",51技,2090
"崔己焙","巢磊","50 ~ 54技",52技,2191
"崔己焙","巢磊","50 ~ 54技",53技,2030
"崔己焙","巢磊","50 ~ 54技",54技,1964
"崔己焙","巢磊","55 ~ 59技",家拌,10075
"崔己焙","巢磊","55 ~ 59技",55技,2080
"崔己焙","巢磊","55 ~ 59技",56技,1997
"崔己焙","巢磊","55 ~ 59技",57技,1811
"崔己焙","巢磊","55 ~ 59技",58技,2151
"崔己焙","巢磊","55 ~ 59技",59技,2036
"崔己焙","巢磊","60 ~ 64技",家拌,9328
"崔己焙","巢磊","60 ~ 64技",60技,2212
"崔己焙","巢磊","60 ~ 64技",61技,1962
"崔己焙","巢磊","60 ~ 64技",62技,1841
"崔己焙","巢磊","60 ~ 64技",63技,1681
"崔己焙","巢磊","60 ~ 64技",64技,1632
"崔己焙","巢磊","65 ~ 69技",家拌,6116
"崔己焙","巢磊","65 ~ 69技",65技,1411
"崔己焙","巢磊","65 ~ 69技",66技,1403
"崔己焙","巢磊","65 ~ 69技",67技,1056
"崔己焙","巢磊","65 ~ 69技",68技,1161
"崔己焙","巢磊","65 ~ 69技",69技,1085
"崔己焙","巢磊","70 ~ 74技",家拌,4057
"崔己焙","巢磊","70 ~ 74技",70技,849
"崔己焙","巢磊","70 ~ 74技",71技,894
"崔己焙","巢磊","70 ~ 74技",72技,884
"崔己焙","巢磊","70 ~ 74技",73技,779
"崔己焙","巢磊","70 ~ 74技",74技,651
"崔己焙","巢磊","75 ~ 79技",家拌,2410
"崔己焙","巢磊","75 ~ 79技",75技,461
"崔己焙","巢磊","75 ~ 79技",76技,517
"崔己焙","巢磊","75 ~ 79技",77技,451
"崔己焙","巢磊","75 ~ 79技",78技,534
"崔己焙","巢磊","75 ~ 79技",79技,447
"崔己焙","巢磊","80 ~ 84技",家拌,1419
"崔己焙","巢磊","80 ~ 84技",80技,344
"崔己焙","巢磊","80 ~ 84技",81技,296
"崔己焙","巢磊","80 ~ 84技",82技,293
"崔己焙","巢磊","80 ~ 84技",83技,268
"崔己焙","巢磊","80 ~ 84技",84技,218
"崔己焙","巢磊","85 ~ 89技",家拌,620
"崔己焙","巢磊","85 ~ 89技",85技,175
"崔己焙","巢磊","85 ~ 89技",86技,144
"崔己焙","巢磊","85 ~ 89技",87技,117
"崔己焙","巢磊","85 ~ 89技",88技,102
"崔己焙","巢磊","85 ~ 89技",89技,82
"崔己焙","巢磊","90 ~ 94技",家拌,128
"崔己焙","巢磊","90 ~ 94技",90技,44
"崔己焙","巢磊","90 ~ 94技",91技,32
"崔己焙","巢磊","90 ~ 94技",92技,18
"崔己焙","巢磊","90 ~ 94技",93技,22
"崔己焙","巢磊","90 ~ 94技",94技,12
"崔己焙","巢磊","95技 捞惑",家拌,22
"崔己焙","咯磊","拌",家拌,131254
"崔己焙","咯磊","0 ~ 4技",家拌,6782
"崔己焙","咯磊","0 ~ 4技",0技,1101
"崔己焙","咯磊","0 ~ 4技",1技,1178
"崔己焙","咯磊","0 ~ 4技",2技,1366
"崔己焙","咯磊","0 ~ 4技",3技,1525
"崔己焙","咯磊","0 ~ 4技",4技,1612
"崔己焙","咯磊","5 ~ 9技",家拌,7959
"崔己焙","咯磊","5 ~ 9技",5技,1688
"崔己焙","咯磊","5 ~ 9技",6技,1662
"崔己焙","咯磊","5 ~ 9技",7技,1531
"崔己焙","咯磊","5 ~ 9技",8技,1519
"崔己焙","咯磊","5 ~ 9技",9技,1559
"崔己焙","咯磊","10 ~ 14技",家拌,6412
"崔己焙","咯磊","10 ~ 14技",10技,1501
"崔己焙","咯磊","10 ~ 14技",11技,1279
"崔己焙","咯磊","10 ~ 14技",12技,1229
"崔己焙","咯磊","10 ~ 14技",13技,1248
"崔己焙","咯磊","10 ~ 14技",14技,1155
"崔己焙","咯磊","15 ~ 19技",家拌,5202
"崔己焙","咯磊","15 ~ 19技",15技,1017
"崔己焙","咯磊","15 ~ 19技",16技,1072
"崔己焙","咯磊","15 ~ 19技",17技,1015
"崔己焙","咯磊","15 ~ 19技",18技,1050
"崔己焙","咯磊","15 ~ 19技",19技,1048
"崔己焙","咯磊","20 ~ 24技",家拌,5938
"崔己焙","咯磊","20 ~ 24技",20技,1231
"崔己焙","咯磊","20 ~ 24技",21技,1279
"崔己焙","咯磊","20 ~ 24技",22技,1176
"崔己焙","咯磊","20 ~ 24技",23技,1087
"崔己焙","咯磊","20 ~ 24技",24技,1165
"崔己焙","咯磊","25 ~ 29技",家拌,6937
"崔己焙","咯磊","25 ~ 29技",25技,1164
"崔己焙","咯磊","25 ~ 29技",26技,1160
"崔己焙","咯磊","25 ~ 29技",27技,1387
"崔己焙","咯磊","25 ~ 29技",28技,1520
"崔己焙","咯磊","25 ~ 29技",29技,1706
"崔己焙","咯磊","30 ~ 34技",家拌,9243
"崔己焙","咯磊","30 ~ 34技",30技,1684
"崔己焙","咯磊","30 ~ 34技",31技,1835
"崔己焙","咯磊","30 ~ 34技",32技,1833
"崔己焙","咯磊","30 ~ 34技",33技,1921
"崔己焙","咯磊","30 ~ 34技",34技,1970
"崔己焙","咯磊","35 ~ 39技",家拌,11663
"崔己焙","咯磊","35 ~ 39技",35技,2106
"崔己焙","咯磊","35 ~ 39技",36技,2018
"崔己焙","咯磊","35 ~ 39技",37技,2307
"崔己焙","咯磊","35 ~ 39技",38技,2624
"崔己焙","咯磊","35 ~ 39技",39技,2608
"崔己焙","咯磊","40 ~ 44技",家拌,11188
"崔己焙","咯磊","40 ~ 44技",40技,2536
"崔己焙","咯磊","40 ~ 44技",41技,2473
"崔己焙","咯磊","40 ~ 44技",42技,2204
"崔己焙","咯磊","40 ~ 44技",43技,1996
"崔己焙","咯磊","40 ~ 44技",44技,1979
"崔己焙","咯磊","45 ~ 49技",家拌,10153
"崔己焙","咯磊","45 ~ 49技",45技,1918
"崔己焙","咯磊","45 ~ 49技",46技,2000
"崔己焙","咯磊","45 ~ 49技",47技,2077
"崔己焙","咯磊","45 ~ 49技",48技,2070
"崔己焙","咯磊","45 ~ 49技",49技,2088
"崔己焙","咯磊","50 ~ 54技",家拌,10861
"崔己焙","咯磊","50 ~ 54技",50技,2141
"崔己焙","咯磊","50 ~ 54技",51技,2169
"崔己焙","咯磊","50 ~ 54技",52技,2315
"崔己焙","咯磊","50 ~ 54技",53技,2141
"崔己焙","咯磊","50 ~ 54技",54技,2095
"崔己焙","咯磊","55 ~ 59技",家拌,10259
"崔己焙","咯磊","55 ~ 59技",55技,2116
"崔己焙","咯磊","55 ~ 59技",56技,2040
"崔己焙","咯磊","55 ~ 59技",57技,1895
"崔己焙","咯磊","55 ~ 59技",58技,2143
"崔己焙","咯磊","55 ~ 59技",59技,2065
"崔己焙","咯磊","60 ~ 64技",家拌,9579
"崔己焙","咯磊","60 ~ 64技",60技,2275
"崔己焙","咯磊","60 ~ 64技",61技,2177
"崔己焙","咯磊","60 ~ 64技",62技,1837
"崔己焙","咯磊","60 ~ 64技",63技,1687
"崔己焙","咯磊","60 ~ 64技",64技,1603
"崔己焙","咯磊","65 ~ 69技",家拌,6364
"崔己焙","咯磊","65 ~ 69技",65技,1501
"崔己焙","咯磊","65 ~ 69技",66技,1389
"崔己焙","咯磊","65 ~ 69技",67技,1108
"崔己焙","咯磊","65 ~ 69技",68技,1228
"崔己焙","咯磊","65 ~ 69技",69技,1138
"崔己焙","咯磊","70 ~ 74技",家拌,4389
"崔己焙","咯磊","70 ~ 74技",70技,917
"崔己焙","咯磊","70 ~ 74技",71技,940
"崔己焙","咯磊","70 ~ 74技",72技,931
"崔己焙","咯磊","70 ~ 74技",73技,870
"崔己焙","咯磊","70 ~ 74技",74技,731
"崔己焙","咯磊","75 ~ 79技",家拌,3192
"崔己焙","咯磊","75 ~ 79技",75技,482
"崔己焙","咯磊","75 ~ 79技",76技,594
"崔己焙","咯磊","75 ~ 79技",77技,664
"崔己焙","咯磊","75 ~ 79技",78技,748
"崔己焙","咯磊","75 ~ 79技",79技,704
"崔己焙","咯磊","80 ~ 84技",家拌,2825
"崔己焙","咯磊","80 ~ 84技",80技,666
"崔己焙","咯磊","80 ~ 84技",81技,624
"崔己焙","咯磊","80 ~ 84技",82技,565
"崔己焙","咯磊","80 ~ 84技",83技,493
"崔己焙","咯磊","80 ~ 84技",84技,477
"崔己焙","咯磊","85 ~ 89技",家拌,1602
"崔己焙","咯磊","85 ~ 89技",85技,398
"崔己焙","咯磊","85 ~ 89技",86技,392
"崔己焙","咯磊","85 ~ 89技",87技,329
"崔己焙","咯磊","85 ~ 89技",88技,269
"崔己焙","咯磊","85 ~ 89技",89技,214
"崔己焙","咯磊","90 ~ 94技",家拌,591
"崔己焙","咯磊","90 ~ 94技",90技,182
"崔己焙","咯磊","90 ~ 94技",91技,146
"崔己焙","咯磊","90 ~ 94技",92技,109
"崔己焙","咯磊","90 ~ 94技",93技,86
"崔己焙","咯磊","90 ~ 94技",94技,68
"崔己焙","咯磊","95技 捞惑",家拌,115
